name,size,sha256,different
file_0001.txt,1002,823a2e34f63c5d5f30a27733976df5a1ab57feaab505f40d95d3dd3fefa425cc,False
file_0002.txt,1002,823a2e34f63c5d5f30a27733976df5a1ab57feaab505f40d95d3dd3fefa425cc,False
file_0003.txt,1002,823a2e34f63c5d5f30a27733976df5a1ab57feaab505f40d95d3dd3fefa425cc,False
file_0004.txt,1002,823a2e34f63c5d5f30a27733976df5a1ab57feaab505f40d95d3dd3fefa425cc,False
file_0005.txt,1002,823a2e34f63c5d5f30a27733976df5a1ab57feaab505f40d95d3dd3fefa425cc,False
file_0006.txt,1002,823a2e34f63c5d5f30a27733976df5a1ab57feaab505f40d95d3dd3fefa425cc,False
file_0007.txt,1002,823a2e34f63c5d5f30a27733976df5a1ab57feaab505f40d95d3dd3fefa425cc,False
file_0008.txt,1002,823a2e34f63c5d5f30a27733976df5a1ab57feaab505f40d95d3dd3fefa425cc,False
file_0009.txt,1002,823a2e34f63c5d5f30a27733976df5a1ab57feaab505f40d95d3dd3fefa425cc,False
file_0010.txt,1002,823a2e34f63c5d5f30a27733976df5a1ab57feaab505f40d95d3dd3fefa425cc,False
file_0011.txt,1002,823a2e34f63c5d5f30a27733976df5a1ab57feaab505f40d95d3dd3fefa425cc,False
file_0012.txt,1002,823a2e34f63c5d5f30a27733976df5a1ab57feaab505f40d95d3dd3fefa425cc,False
file_0013.txt,1002,823a2e34f63c5d5f30a27733976df5a1ab57feaab505f40d95d3dd3fefa425cc,False
file_0014.txt,1002,823a2e34f63c5d5f30a27733976df5a1ab57feaab505f40d95d3dd3fefa425cc,False
file_0015.txt,1002,823a2e34f63c5d5f30a27733976df5a1ab57feaab505f40d95d3dd3fefa425cc,False
file_0016.txt,1002,823a2e34f63c5d5f30a27733976df5a1ab57feaab505f40d95d3dd3fefa425cc,False
file_0017.txt,1002,823a2e34f63c5d5f30a27733976df5a1ab57feaab505f40d95d3dd3fefa425cc,False
file_0018.txt,1002,823a2e34f63c5d5f30a27733976df5a1ab57feaab505f40d95d3dd3fefa425cc,False
file_0019.txt,1002,823a2e34f63c5d5f30a27733976df5a1ab57feaab505f40d95d3dd3fefa425cc,False
file_0020.txt,1002,823a2e34f63c5d5f30a27733976df5a1ab57feaab505f40d95d3dd3fefa425cc,False
file_0021.txt,1002,823a2e34f63c5d5f30a27733976df5a1ab57feaab505f40d95d3dd3fefa425cc,False
file_0022.txt,1002,823a2e34f63c5d5f30a27733976df5a1ab57feaab505f40d95d3dd3fefa425cc,False
file_0023.txt,1002,823a2e34f63c5d5f30a27733976df5a1ab57feaab505f40d95d3dd3fefa425cc,False
file_0024.txt,1002,823a2e34f63c5d5f30a27733976df5a1ab57feaab505f40d95d3dd3fefa425cc,False
file_0025.txt,1002,823a2e34f63c5d5f30a27733976df5a1ab57feaab505f40d95d3dd3fefa425cc,False
file_0026.txt,1002,823a2e34f63c5d5f30a27733976df5a1ab57feaab505f40d95d3dd3fefa425cc,False
file_0027.txt,1002,823a2e34f63c5d5f30a27733976df5a1ab57feaab505f40d95d3dd3fefa425cc,False
file_0028.txt,1002,823a2e34f63c5d5f30a27733976df5a1ab57feaab505f40d95d3dd3fefa425cc,False
file_0029.txt,1002,823a2e34f63c5d5f30a27733976df5a1ab57feaab505f40d95d3dd3fefa425cc,False
file_0030.txt,1002,823a2e34f63c5d5f30a27733976df5a1ab57feaab505f40d95d3dd3fefa425cc,False
file_0031.txt,1002,823a2e34f63c5d5f30a27733976df5a1ab57feaab505f40d95d3dd3fefa425cc,False
file_0032.txt,1002,823a2e34f63c5d5f30a27733976df5a1ab57feaab505f40d95d3dd3fefa425cc,False
file_0033.txt,1002,823a2e34f63c5d5f30a27733976df5a1ab57feaab505f40d95d3dd3fefa425cc,False
file_0034.txt,1002,823a2e34f63c5d5f30a27733976df5a1ab57feaab505f40d95d3dd3fefa425cc,False
file_0035.txt,1002,823a2e34f63c5d5f30a27733976df5a1ab57feaab505f40d95d3dd3fefa425cc,False
file_0036.txt,1002,823a2e34f63c5d5f30a27733976df5a1ab57feaab505f40d95d3dd3fefa425cc,False
file_0037.txt,1002,823a2e34f63c5d5f30a27733976df5a1ab57feaab505f40d95d3dd3fefa425cc,False
file_0038.txt,1002,823a2e34f63c5d5f30a27733976df5a1ab57feaab505f40d95d3dd3fefa425cc,False
file_0039.txt,1002,823a2e34f63c5d5f30a27733976df5a1ab57feaab505f40d95d3dd3fefa425cc,False
file_0040.txt,1002,823a2e34f63c5d5f30a27733976df5a1ab57feaab505f40d95d3dd3fefa425cc,False
file_0041.txt,1002,823a2e34f63c5d5f30a27733976df5a1ab57feaab505f40d95d3dd3fefa425cc,False
file_0042.txt,1002,bb4069270bb05a24bcb59de01c0a0e18539e336ad5d377d0b848a0ba69f87645,True
file_0043.txt,1002,823a2e34f63c5d5f30a27733976df5a1ab57feaab505f40d95d3dd3fefa425cc,False
file_0044.txt,1002,823a2e34f63c5d5f30a27733976df5a1ab57feaab505f40d95d3dd3fefa425cc,False
file_0045.txt,1002,823a2e34f63c5d5f30a27733976df5a1ab57feaab505f40d95d3dd3fefa425cc,False
file_0046.txt,1002,823a2e34f63c5d5f30a27733976df5a1ab57feaab505f40d95d3dd3fefa425cc,False
file_0047.txt,1002,823a2e34f63c5d5f30a27733976df5a1ab57feaab505f40d95d3dd3fefa425cc,False
file_0048.txt,1002,823a2e34f63c5d5f30a27733976df5a1ab57feaab505f40d95d3dd3fefa425cc,False
file_0049.txt,1002,823a2e34f63c5d5f30a27733976df5a1ab57feaab505f40d95d3dd3fefa425cc,False
file_0050.txt,1002,823a2e34f63c5d5f30a27733976df5a1ab57feaab505f40d95d3dd3fefa425cc,False
file_0051.txt,1002,823a2e34f63c5d5f30a27733976df5a1ab57feaab505f40d95d3dd3fefa425cc,False
file_0052.txt,1002,823a2e34f63c5d5f30a27733976df5a1ab57feaab505f40d95d3dd3fefa425cc,False
file_0053.txt,1002,823a2e34f63c5d5f30a27733976df5a1ab57feaab505f40d95d3dd3fefa425cc,False
file_0054.txt,1002,823a2e34f63c5d5f30a27733976df5a1ab57feaab505f40d95d3dd3fefa425cc,False
file_0055.txt,1002,823a2e34f63c5d5f30a27733976df5a1ab57feaab505f40d95d3dd3fefa425cc,False
file_0056.txt,1002,823a2e34f63c5d5f30a27733976df5a1ab57feaab505f40d95d3dd3fefa425cc,False
file_0057.txt,1002,823a2e34f63c5d5f30a27733976df5a1ab57feaab505f40d95d3dd3fefa425cc,False
file_0058.txt,1002,823a2e34f63c5d5f30a27733976df5a1ab57feaab505f40d95d3dd3fefa425cc,False
file_0059.txt,1002,823a2e34f63c5d5f30a27733976df5a1ab57feaab505f40d95d3dd3fefa425cc,False
file_0060.txt,1002,823a2e34f63c5d5f30a27733976df5a1ab57feaab505f40d95d3dd3fefa425cc,False
file_0061.txt,1002,823a2e34f63c5d5f30a27733976df5a1ab57feaab505f40d95d3dd3fefa425cc,False
file_0062.txt,1002,823a2e34f63c5d5f30a27733976df5a1ab57feaab505f40d95d3dd3fefa425cc,False
file_0063.txt,1002,823a2e34f63c5d5f30a27733976df5a1ab57feaab505f40d95d3dd3fefa425cc,False
file_0064.txt,1002,823a2e34f63c5d5f30a27733976df5a1ab57feaab505f40d95d3dd3fefa425cc,False
file_0065.txt,1002,823a2e34f63c5d5f30a27733976df5a1ab57feaab505f40d95d3dd3fefa425cc,False
file_0066.txt,1002,823a2e34f63c5d5f30a27733976df5a1ab57feaab505f40d95d3dd3fefa425cc,False
file_0067.txt,1002,823a2e34f63c5d5f30a27733976df5a1ab57feaab505f40d95d3dd3fefa425cc,False
file_0068.txt,1002,823a2e34f63c5d5f30a27733976df5a1ab57feaab505f40d95d3dd3fefa425cc,False
file_0069.txt,1002,823a2e34f63c5d5f30a27733976df5a1ab57feaab505f40d95d3dd3fefa425cc,False
file_0070.txt,1002,823a2e34f63c5d5f30a27733976df5a1ab57feaab505f40d95d3dd3fefa425cc,False
file_0071.txt,1002,823a2e34f63c5d5f30a27733976df5a1ab57feaab505f40d95d3dd3fefa425cc,False
file_0072.txt,1002,823a2e34f63c5d5f30a27733976df5a1ab57feaab505f40d95d3dd3fefa425cc,False
file_0073.txt,1002,823a2e34f63c5d5f30a27733976df5a1ab57feaab505f40d95d3dd3fefa425cc,False
file_0074.txt,1002,823a2e34f63c5d5f30a27733976df5a1ab57feaab505f40d95d3dd3fefa425cc,False
file_0075.txt,1002,823a2e34f63c5d5f30a27733976df5a1ab57feaab505f40d95d3dd3fefa425cc,False
file_0076.txt,1002,823a2e34f63c5d5f30a27733976df5a1ab57feaab505f40d95d3dd3fefa425cc,False
file_0077.txt,1002,823a2e34f63c5d5f30a27733976df5a1ab57feaab505f40d95d3dd3fefa425cc,False
file_0078.txt,1002,823a2e34f63c5d5f30a27733976df5a1ab57feaab505f40d95d3dd3fefa425cc,False
file_0079.txt,1002,823a2e34f63c5d5f30a27733976df5a1ab57feaab505f40d95d3dd3fefa425cc,False
file_0080.txt,1002,823a2e34f63c5d5f30a27733976df5a1ab57feaab505f40d95d3dd3fefa425cc,False
file_0081.txt,1002,823a2e34f63c5d5f30a27733976df5a1ab57feaab505f40d95d3dd3fefa425cc,False
file_0082.txt,1002,823a2e34f63c5d5f30a27733976df5a1ab57feaab505f40d95d3dd3fefa425cc,False
file_0083.txt,1002,823a2e34f63c5d5f30a27733976df5a1ab57feaab505f40d95d3dd3fefa425cc,False
file_0084.txt,1002,823a2e34f63c5d5f30a27733976df5a1ab57feaab505f40d95d3dd3fefa425cc,False
file_0085.txt,1002,823a2e34f63c5d5f30a27733976df5a1ab57feaab505f40d95d3dd3fefa425cc,False
file_0086.txt,1002,823a2e34f63c5d5f30a27733976df5a1ab57feaab505f40d95d3dd3fefa425cc,False
file_0087.txt,1002,823a2e34f63c5d5f30a27733976df5a1ab57feaab505f40d95d3dd3fefa425cc,False
file_0088.txt,1002,823a2e34f63c5d5f30a27733976df5a1ab57feaab505f40d95d3dd3fefa425cc,False
file_0089.txt,1002,823a2e34f63c5d5f30a27733976df5a1ab57feaab505f40d95d3dd3fefa425cc,False
file_0090.txt,1002,823a2e34f63c5d5f30a27733976df5a1ab57feaab505f40d95d3dd3fefa425cc,False
file_0091.txt,1002,823a2e34f63c5d5f30a27733976df5a1ab57feaab505f40d95d3dd3fefa425cc,False
file_0092.txt,1002,823a2e34f63c5d5f30a27733976df5a1ab57feaab505f40d95d3dd3fefa425cc,False
file_0093.txt,1002,823a2e34f63c5d5f30a27733976df5a1ab57feaab505f40d95d3dd3fefa425cc,False
file_0094.txt,1002,823a2e34f63c5d5f30a27733976df5a1ab57feaab505f40d95d3dd3fefa425cc,False
file_0095.txt,1002,823a2e34f63c5d5f30a27733976df5a1ab57feaab505f40d95d3dd3fefa425cc,False
file_0096.txt,1002,823a2e34f63c5d5f30a27733976df5a1ab57feaab505f40d95d3dd3fefa425cc,False
file_0097.txt,1002,823a2e34f63c5d5f30a27733976df5a1ab57feaab505f40d95d3dd3fefa425cc,False
file_0098.txt,1002,823a2e34f63c5d5f30a27733976df5a1ab57feaab505f40d95d3dd3fefa425cc,False
file_0099.txt,1002,823a2e34f63c5d5f30a27733976df5a1ab57feaab505f40d95d3dd3fefa425cc,False
file_0100.txt,1002,823a2e34f63c5d5f30a27733976df5a1ab57feaab505f40d95d3dd3fefa425cc,False
file_0101.txt,1002,823a2e34f63c5d5f30a27733976df5a1ab57feaab505f40d95d3dd3fefa425cc,False
file_0102.txt,1002,823a2e34f63c5d5f30a27733976df5a1ab57feaab505f40d95d3dd3fefa425cc,False
file_0103.txt,1002,823a2e34f63c5d5f30a27733976df5a1ab57feaab505f40d95d3dd3fefa425cc,False
file_0104.txt,1002,823a2e34f63c5d5f30a27733976df5a1ab57feaab505f40d95d3dd3fefa425cc,False
file_0105.txt,1002,823a2e34f63c5d5f30a27733976df5a1ab57feaab505f40d95d3dd3fefa425cc,False
file_0106.txt,1002,823a2e34f63c5d5f30a27733976df5a1ab57feaab505f40d95d3dd3fefa425cc,False
file_0107.txt,1002,823a2e34f63c5d5f30a27733976df5a1ab57feaab505f40d95d3dd3fefa425cc,False
file_0108.txt,1002,823a2e34f63c5d5f30a27733976df5a1ab57feaab505f40d95d3dd3fefa425cc,False
file_0109.txt,1002,823a2e34f63c5d5f30a27733976df5a1ab57feaab505f40d95d3dd3fefa425cc,False
file_0110.txt,1002,823a2e34f63c5d5f30a27733976df5a1ab57feaab505f40d95d3dd3fefa425cc,False
file_0111.txt,1002,823a2e34f63c5d5f30a27733976df5a1ab57feaab505f40d95d3dd3fefa425cc,False
file_0112.txt,1002,823a2e34f63c5d5f30a27733976df5a1ab57feaab505f40d95d3dd3fefa425cc,False
file_0113.txt,1002,823a2e34f63c5d5f30a27733976df5a1ab57feaab505f40d95d3dd3fefa425cc,False
file_0114.txt,1002,823a2e34f63c5d5f30a27733976df5a1ab57feaab505f40d95d3dd3fefa425cc,False
file_0115.txt,1002,823a2e34f63c5d5f30a27733976df5a1ab57feaab505f40d95d3dd3fefa425cc,False
file_0116.txt,1002,823a2e34f63c5d5f30a27733976df5a1ab57feaab505f40d95d3dd3fefa425cc,False
file_0117.txt,1002,823a2e34f63c5d5f30a27733976df5a1ab57feaab505f40d95d3dd3fefa425cc,False
file_0118.txt,1002,823a2e34f63c5d5f30a27733976df5a1ab57feaab505f40d95d3dd3fefa425cc,False
file_0119.txt,1002,823a2e34f63c5d5f30a27733976df5a1ab57feaab505f40d95d3dd3fefa425cc,False
file_0120.txt,1002,823a2e34f63c5d5f30a27733976df5a1ab57feaab505f40d95d3dd3fefa425cc,False
file_0121.txt,1002,823a2e34f63c5d5f30a27733976df5a1ab57feaab505f40d95d3dd3fefa425cc,False
file_0122.txt,1002,823a2e34f63c5d5f30a27733976df5a1ab57feaab505f40d95d3dd3fefa425cc,False
file_0123.txt,1002,823a2e34f63c5d5f30a27733976df5a1ab57feaab505f40d95d3dd3fefa425cc,False
file_0124.txt,1002,823a2e34f63c5d5f30a27733976df5a1ab57feaab505f40d95d3dd3fefa425cc,False
file_0125.txt,1002,823a2e34f63c5d5f30a27733976df5a1ab57feaab505f40d95d3dd3fefa425cc,False
file_0126.txt,1002,823a2e34f63c5d5f30a27733976df5a1ab57feaab505f40d95d3dd3fefa425cc,False
file_0127.txt,1002,823a2e34f63c5d5f30a27733976df5a1ab57feaab505f40d95d3dd3fefa425cc,False
file_0128.txt,1002,823a2e34f63c5d5f30a27733976df5a1ab57feaab505f40d95d3dd3fefa425cc,False
file_0129.txt,1002,823a2e34f63c5d5f30a27733976df5a1ab57feaab505f40d95d3dd3fefa425cc,False
file_0130.txt,1002,823a2e34f63c5d5f30a27733976df5a1ab57feaab505f40d95d3dd3fefa425cc,False
file_0131.txt,1002,823a2e34f63c5d5f30a27733976df5a1ab57feaab505f40d95d3dd3fefa425cc,False
file_0132.txt,1002,823a2e34f63c5d5f30a27733976df5a1ab57feaab505f40d95d3dd3fefa425cc,False
file_0133.txt,1002,823a2e34f63c5d5f30a27733976df5a1ab57feaab505f40d95d3dd3fefa425cc,False
file_0134.txt,1002,823a2e34f63c5d5f30a27733976df5a1ab57feaab505f40d95d3dd3fefa425cc,False
file_0135.txt,1002,823a2e34f63c5d5f30a27733976df5a1ab57feaab505f40d95d3dd3fefa425cc,False
file_0136.txt,1002,823a2e34f63c5d5f30a27733976df5a1ab57feaab505f40d95d3dd3fefa425cc,False
file_0137.txt,1002,823a2e34f63c5d5f30a27733976df5a1ab57feaab505f40d95d3dd3fefa425cc,False
file_0138.txt,1002,823a2e34f63c5d5f30a27733976df5a1ab57feaab505f40d95d3dd3fefa425cc,False
file_0139.txt,1002,823a2e34f63c5d5f30a27733976df5a1ab57feaab505f40d95d3dd3fefa425cc,False
file_0140.txt,1002,823a2e34f63c5d5f30a27733976df5a1ab57feaab505f40d95d3dd3fefa425cc,False
file_0141.txt,1002,823a2e34f63c5d5f30a27733976df5a1ab57feaab505f40d95d3dd3fefa425cc,False
file_0142.txt,1002,823a2e34f63c5d5f30a27733976df5a1ab57feaab505f40d95d3dd3fefa425cc,False
file_0143.txt,1002,823a2e34f63c5d5f30a27733976df5a1ab57feaab505f40d95d3dd3fefa425cc,False
file_0144.txt,1002,823a2e34f63c5d5f30a27733976df5a1ab57feaab505f40d95d3dd3fefa425cc,False
file_0145.txt,1002,823a2e34f63c5d5f30a27733976df5a1ab57feaab505f40d95d3dd3fefa425cc,False
file_0146.txt,1002,823a2e34f63c5d5f30a27733976df5a1ab57feaab505f40d95d3dd3fefa425cc,False
file_0147.txt,1002,823a2e34f63c5d5f30a27733976df5a1ab57feaab505f40d95d3dd3fefa425cc,False
file_0148.txt,1002,823a2e34f63c5d5f30a27733976df5a1ab57feaab505f40d95d3dd3fefa425cc,False
file_0149.txt,1002,823a2e34f63c5d5f30a27733976df5a1ab57feaab505f40d95d3dd3fefa425cc,False
file_0150.txt,1002,823a2e34f63c5d5f30a27733976df5a1ab57feaab505f40d95d3dd3fefa425cc,False
file_0151.txt,1002,823a2e34f63c5d5f30a27733976df5a1ab57feaab505f40d95d3dd3fefa425cc,False
file_0152.txt,1002,823a2e34f63c5d5f30a27733976df5a1ab57feaab505f40d95d3dd3fefa425cc,False
file_0153.txt,1002,823a2e34f63c5d5f30a27733976df5a1ab57feaab505f40d95d3dd3fefa425cc,False
file_0154.txt,1002,823a2e34f63c5d5f30a27733976df5a1ab57feaab505f40d95d3dd3fefa425cc,False
file_0155.txt,1002,823a2e34f63c5d5f30a27733976df5a1ab57feaab505f40d95d3dd3fefa425cc,False
file_0156.txt,1002,823a2e34f63c5d5f30a27733976df5a1ab57feaab505f40d95d3dd3fefa425cc,False
file_0157.txt,1002,823a2e34f63c5d5f30a27733976df5a1ab57feaab505f40d95d3dd3fefa425cc,False
file_0158.txt,1002,823a2e34f63c5d5f30a27733976df5a1ab57feaab505f40d95d3dd3fefa425cc,False
file_0159.txt,1002,823a2e34f63c5d5f30a27733976df5a1ab57feaab505f40d95d3dd3fefa425cc,False
file_0160.txt,1002,823a2e34f63c5d5f30a27733976df5a1ab57feaab505f40d95d3dd3fefa425cc,False
file_0161.txt,1002,823a2e34f63c5d5f30a27733976df5a1ab57feaab505f40d95d3dd3fefa425cc,False
file_0162.txt,1002,823a2e34f63c5d5f30a27733976df5a1ab57feaab505f40d95d3dd3fefa425cc,False
file_0163.txt,1002,823a2e34f63c5d5f30a27733976df5a1ab57feaab505f40d95d3dd3fefa425cc,False
file_0164.txt,1002,823a2e34f63c5d5f30a27733976df5a1ab57feaab505f40d95d3dd3fefa425cc,False
file_0165.txt,1002,823a2e34f63c5d5f30a27733976df5a1ab57feaab505f40d95d3dd3fefa425cc,False
file_0166.txt,1002,823a2e34f63c5d5f30a27733976df5a1ab57feaab505f40d95d3dd3fefa425cc,False
file_0167.txt,1002,823a2e34f63c5d5f30a27733976df5a1ab57feaab505f40d95d3dd3fefa425cc,False
file_0168.txt,1002,823a2e34f63c5d5f30a27733976df5a1ab57feaab505f40d95d3dd3fefa425cc,False
file_0169.txt,1002,823a2e34f63c5d5f30a27733976df5a1ab57feaab505f40d95d3dd3fefa425cc,False
file_0170.txt,1002,823a2e34f63c5d5f30a27733976df5a1ab57feaab505f40d95d3dd3fefa425cc,False
file_0171.txt,1002,823a2e34f63c5d5f30a27733976df5a1ab57feaab505f40d95d3dd3fefa425cc,False
file_0172.txt,1002,823a2e34f63c5d5f30a27733976df5a1ab57feaab505f40d95d3dd3fefa425cc,False
file_0173.txt,1002,823a2e34f63c5d5f30a27733976df5a1ab57feaab505f40d95d3dd3fefa425cc,False
file_0174.txt,1002,823a2e34f63c5d5f30a27733976df5a1ab57feaab505f40d95d3dd3fefa425cc,False
file_0175.txt,1002,823a2e34f63c5d5f30a27733976df5a1ab57feaab505f40d95d3dd3fefa425cc,False
file_0176.txt,1002,823a2e34f63c5d5f30a27733976df5a1ab57feaab505f40d95d3dd3fefa425cc,False
file_0177.txt,1002,823a2e34f63c5d5f30a27733976df5a1ab57feaab505f40d95d3dd3fefa425cc,False
file_0178.txt,1002,823a2e34f63c5d5f30a27733976df5a1ab57feaab505f40d95d3dd3fefa425cc,False
file_0179.txt,1002,823a2e34f63c5d5f30a27733976df5a1ab57feaab505f40d95d3dd3fefa425cc,False
file_0180.txt,1002,823a2e34f63c5d5f30a27733976df5a1ab57feaab505f40d95d3dd3fefa425cc,False
file_0181.txt,1002,823a2e34f63c5d5f30a27733976df5a1ab57feaab505f40d95d3dd3fefa425cc,False
file_0182.txt,1002,823a2e34f63c5d5f30a27733976df5a1ab57feaab505f40d95d3dd3fefa425cc,False
file_0183.txt,1002,823a2e34f63c5d5f30a27733976df5a1ab57feaab505f40d95d3dd3fefa425cc,False
file_0184.txt,1002,823a2e34f63c5d5f30a27733976df5a1ab57feaab505f40d95d3dd3fefa425cc,False
file_0185.txt,1002,823a2e34f63c5d5f30a27733976df5a1ab57feaab505f40d95d3dd3fefa425cc,False
file_0186.txt,1002,823a2e34f63c5d5f30a27733976df5a1ab57feaab505f40d95d3dd3fefa425cc,False
file_0187.txt,1002,823a2e34f63c5d5f30a27733976df5a1ab57feaab505f40d95d3dd3fefa425cc,False
file_0188.txt,1002,823a2e34f63c5d5f30a27733976df5a1ab57feaab505f40d95d3dd3fefa425cc,False
file_0189.txt,1002,823a2e34f63c5d5f30a27733976df5a1ab57feaab505f40d95d3dd3fefa425cc,False
file_0190.txt,1002,823a2e34f63c5d5f30a27733976df5a1ab57feaab505f40d95d3dd3fefa425cc,False
file_0191.txt,1002,823a2e34f63c5d5f30a27733976df5a1ab57feaab505f40d95d3dd3fefa425cc,False
file_0192.txt,1002,823a2e34f63c5d5f30a27733976df5a1ab57feaab505f40d95d3dd3fefa425cc,False
file_0193.txt,1002,823a2e34f63c5d5f30a27733976df5a1ab57feaab505f40d95d3dd3fefa425cc,False
file_0194.txt,1002,823a2e34f63c5d5f30a27733976df5a1ab57feaab505f40d95d3dd3fefa425cc,False
file_0195.txt,1002,823a2e34f63c5d5f30a27733976df5a1ab57feaab505f40d95d3dd3fefa425cc,False
file_0196.txt,1002,823a2e34f63c5d5f30a27733976df5a1ab57feaab505f40d95d3dd3fefa425cc,False
file_0197.txt,1002,823a2e34f63c5d5f30a27733976df5a1ab57feaab505f40d95d3dd3fefa425cc,False
file_0198.txt,1002,823a2e34f63c5d5f30a27733976df5a1ab57feaab505f40d95d3dd3fefa425cc,False
file_0199.txt,1002,823a2e34f63c5d5f30a27733976df5a1ab57feaab505f40d95d3dd3fefa425cc,False
file_0200.txt,1002,823a2e34f63c5d5f30a27733976df5a1ab57feaab505f40d95d3dd3fefa425cc,False
file_0201.txt,1002,823a2e34f63c5d5f30a27733976df5a1ab57feaab505f40d95d3dd3fefa425cc,False
file_0202.txt,1002,823a2e34f63c5d5f30a27733976df5a1ab57feaab505f40d95d3dd3fefa425cc,False
file_0203.txt,1002,823a2e34f63c5d5f30a27733976df5a1ab57feaab505f40d95d3dd3fefa425cc,False
file_0204.txt,1002,823a2e34f63c5d5f30a27733976df5a1ab57feaab505f40d95d3dd3fefa425cc,False
file_0205.txt,1002,823a2e34f63c5d5f30a27733976df5a1ab57feaab505f40d95d3dd3fefa425cc,False
file_0206.txt,1002,823a2e34f63c5d5f30a27733976df5a1ab57feaab505f40d95d3dd3fefa425cc,False
file_0207.txt,1002,823a2e34f63c5d5f30a27733976df5a1ab57feaab505f40d95d3dd3fefa425cc,False
file_0208.txt,1002,823a2e34f63c5d5f30a27733976df5a1ab57feaab505f40d95d3dd3fefa425cc,False
file_0209.txt,1002,823a2e34f63c5d5f30a27733976df5a1ab57feaab505f40d95d3dd3fefa425cc,False
file_0210.txt,1002,823a2e34f63c5d5f30a27733976df5a1ab57feaab505f40d95d3dd3fefa425cc,False
file_0211.txt,1002,823a2e34f63c5d5f30a27733976df5a1ab57feaab505f40d95d3dd3fefa425cc,False
file_0212.txt,1002,823a2e34f63c5d5f30a27733976df5a1ab57feaab505f40d95d3dd3fefa425cc,False
file_0213.txt,1002,823a2e34f63c5d5f30a27733976df5a1ab57feaab505f40d95d3dd3fefa425cc,False
file_0214.txt,1002,823a2e34f63c5d5f30a27733976df5a1ab57feaab505f40d95d3dd3fefa425cc,False
file_0215.txt,1002,823a2e34f63c5d5f30a27733976df5a1ab57feaab505f40d95d3dd3fefa425cc,False
file_0216.txt,1002,823a2e34f63c5d5f30a27733976df5a1ab57feaab505f40d95d3dd3fefa425cc,False
file_0217.txt,1002,823a2e34f63c5d5f30a27733976df5a1ab57feaab505f40d95d3dd3fefa425cc,False
file_0218.txt,1002,823a2e34f63c5d5f30a27733976df5a1ab57feaab505f40d95d3dd3fefa425cc,False
file_0219.txt,1002,823a2e34f63c5d5f30a27733976df5a1ab57feaab505f40d95d3dd3fefa425cc,False
file_0220.txt,1002,823a2e34f63c5d5f30a27733976df5a1ab57feaab505f40d95d3dd3fefa425cc,False
file_0221.txt,1002,823a2e34f63c5d5f30a27733976df5a1ab57feaab505f40d95d3dd3fefa425cc,False
file_0222.txt,1002,823a2e34f63c5d5f30a27733976df5a1ab57feaab505f40d95d3dd3fefa425cc,False
file_0223.txt,1002,823a2e34f63c5d5f30a27733976df5a1ab57feaab505f40d95d3dd3fefa425cc,False
file_0224.txt,1002,823a2e34f63c5d5f30a27733976df5a1ab57feaab505f40d95d3dd3fefa425cc,False
file_0225.txt,1002,823a2e34f63c5d5f30a27733976df5a1ab57feaab505f40d95d3dd3fefa425cc,False
file_0226.txt,1002,823a2e34f63c5d5f30a27733976df5a1ab57feaab505f40d95d3dd3fefa425cc,False
file_0227.txt,1002,823a2e34f63c5d5f30a27733976df5a1ab57feaab505f40d95d3dd3fefa425cc,False
file_0228.txt,1002,823a2e34f63c5d5f30a27733976df5a1ab57feaab505f40d95d3dd3fefa425cc,False
file_0229.txt,1002,823a2e34f63c5d5f30a27733976df5a1ab57feaab505f40d95d3dd3fefa425cc,False
file_0230.txt,1002,823a2e34f63c5d5f30a27733976df5a1ab57feaab505f40d95d3dd3fefa425cc,False
file_0231.txt,1002,823a2e34f63c5d5f30a27733976df5a1ab57feaab505f40d95d3dd3fefa425cc,False
file_0232.txt,1002,823a2e34f63c5d5f30a27733976df5a1ab57feaab505f40d95d3dd3fefa425cc,False
file_0233.txt,1002,823a2e34f63c5d5f30a27733976df5a1ab57feaab505f40d95d3dd3fefa425cc,False
file_0234.txt,1002,823a2e34f63c5d5f30a27733976df5a1ab57feaab505f40d95d3dd3fefa425cc,False
file_0235.txt,1002,823a2e34f63c5d5f30a27733976df5a1ab57feaab505f40d95d3dd3fefa425cc,False
file_0236.txt,1002,823a2e34f63c5d5f30a27733976df5a1ab57feaab505f40d95d3dd3fefa425cc,False
file_0237.txt,1002,823a2e34f63c5d5f30a27733976df5a1ab57feaab505f40d95d3dd3fefa425cc,False
file_0238.txt,1002,823a2e34f63c5d5f30a27733976df5a1ab57feaab505f40d95d3dd3fefa425cc,False
file_0239.txt,1002,823a2e34f63c5d5f30a27733976df5a1ab57feaab505f40d95d3dd3fefa425cc,False
file_0240.txt,1002,823a2e34f63c5d5f30a27733976df5a1ab57feaab505f40d95d3dd3fefa425cc,False
file_0241.txt,1002,823a2e34f63c5d5f30a27733976df5a1ab57feaab505f40d95d3dd3fefa425cc,False
file_0242.txt,1002,823a2e34f63c5d5f30a27733976df5a1ab57feaab505f40d95d3dd3fefa425cc,False
file_0243.txt,1002,823a2e34f63c5d5f30a27733976df5a1ab57feaab505f40d95d3dd3fefa425cc,False
file_0244.txt,1002,823a2e34f63c5d5f30a27733976df5a1ab57feaab505f40d95d3dd3fefa425cc,False
file_0245.txt,1002,823a2e34f63c5d5f30a27733976df5a1ab57feaab505f40d95d3dd3fefa425cc,False
file_0246.txt,1002,823a2e34f63c5d5f30a27733976df5a1ab57feaab505f40d95d3dd3fefa425cc,False
file_0247.txt,1002,823a2e34f63c5d5f30a27733976df5a1ab57feaab505f40d95d3dd3fefa425cc,False
file_0248.txt,1002,823a2e34f63c5d5f30a27733976df5a1ab57feaab505f40d95d3dd3fefa425cc,False
file_0249.txt,1002,823a2e34f63c5d5f30a27733976df5a1ab57feaab505f40d95d3dd3fefa425cc,False
file_0250.txt,1002,823a2e34f63c5d5f30a27733976df5a1ab57feaab505f40d95d3dd3fefa425cc,False
file_0251.txt,1002,823a2e34f63c5d5f30a27733976df5a1ab57feaab505f40d95d3dd3fefa425cc,False
file_0252.txt,1002,823a2e34f63c5d5f30a27733976df5a1ab57feaab505f40d95d3dd3fefa425cc,False
file_0253.txt,1002,823a2e34f63c5d5f30a27733976df5a1ab57feaab505f40d95d3dd3fefa425cc,False
file_0254.txt,1002,823a2e34f63c5d5f30a27733976df5a1ab57feaab505f40d95d3dd3fefa425cc,False
file_0255.txt,1002,823a2e34f63c5d5f30a27733976df5a1ab57feaab505f40d95d3dd3fefa425cc,False
file_0256.txt,1002,823a2e34f63c5d5f30a27733976df5a1ab57feaab505f40d95d3dd3fefa425cc,False
file_0257.txt,1002,823a2e34f63c5d5f30a27733976df5a1ab57feaab505f40d95d3dd3fefa425cc,False
file_0258.txt,1002,823a2e34f63c5d5f30a27733976df5a1ab57feaab505f40d95d3dd3fefa425cc,False
file_0259.txt,1002,823a2e34f63c5d5f30a27733976df5a1ab57feaab505f40d95d3dd3fefa425cc,False
file_0260.txt,1002,823a2e34f63c5d5f30a27733976df5a1ab57feaab505f40d95d3dd3fefa425cc,False
file_0261.txt,1002,823a2e34f63c5d5f30a27733976df5a1ab57feaab505f40d95d3dd3fefa425cc,False
file_0262.txt,1002,823a2e34f63c5d5f30a27733976df5a1ab57feaab505f40d95d3dd3fefa425cc,False
file_0263.txt,1002,823a2e34f63c5d5f30a27733976df5a1ab57feaab505f40d95d3dd3fefa425cc,False
file_0264.txt,1002,823a2e34f63c5d5f30a27733976df5a1ab57feaab505f40d95d3dd3fefa425cc,False
file_0265.txt,1002,823a2e34f63c5d5f30a27733976df5a1ab57feaab505f40d95d3dd3fefa425cc,False
file_0266.txt,1002,823a2e34f63c5d5f30a27733976df5a1ab57feaab505f40d95d3dd3fefa425cc,False
file_0267.txt,1002,823a2e34f63c5d5f30a27733976df5a1ab57feaab505f40d95d3dd3fefa425cc,False
file_0268.txt,1002,823a2e34f63c5d5f30a27733976df5a1ab57feaab505f40d95d3dd3fefa425cc,False
file_0269.txt,1002,823a2e34f63c5d5f30a27733976df5a1ab57feaab505f40d95d3dd3fefa425cc,False
file_0270.txt,1002,823a2e34f63c5d5f30a27733976df5a1ab57feaab505f40d95d3dd3fefa425cc,False
file_0271.txt,1002,823a2e34f63c5d5f30a27733976df5a1ab57feaab505f40d95d3dd3fefa425cc,False
file_0272.txt,1002,823a2e34f63c5d5f30a27733976df5a1ab57feaab505f40d95d3dd3fefa425cc,False
file_0273.txt,1002,823a2e34f63c5d5f30a27733976df5a1ab57feaab505f40d95d3dd3fefa425cc,False
file_0274.txt,1002,823a2e34f63c5d5f30a27733976df5a1ab57feaab505f40d95d3dd3fefa425cc,False
file_0275.txt,1002,823a2e34f63c5d5f30a27733976df5a1ab57feaab505f40d95d3dd3fefa425cc,False
file_0276.txt,1002,823a2e34f63c5d5f30a27733976df5a1ab57feaab505f40d95d3dd3fefa425cc,False
file_0277.txt,1002,823a2e34f63c5d5f30a27733976df5a1ab57feaab505f40d95d3dd3fefa425cc,False
file_0278.txt,1002,823a2e34f63c5d5f30a27733976df5a1ab57feaab505f40d95d3dd3fefa425cc,False
file_0279.txt,1002,823a2e34f63c5d5f30a27733976df5a1ab57feaab505f40d95d3dd3fefa425cc,False
file_0280.txt,1002,823a2e34f63c5d5f30a27733976df5a1ab57feaab505f40d95d3dd3fefa425cc,False
file_0281.txt,1002,823a2e34f63c5d5f30a27733976df5a1ab57feaab505f40d95d3dd3fefa425cc,False
file_0282.txt,1002,823a2e34f63c5d5f30a27733976df5a1ab57feaab505f40d95d3dd3fefa425cc,False
file_0283.txt,1002,823a2e34f63c5d5f30a27733976df5a1ab57feaab505f40d95d3dd3fefa425cc,False
file_0284.txt,1002,823a2e34f63c5d5f30a27733976df5a1ab57feaab505f40d95d3dd3fefa425cc,False
file_0285.txt,1002,823a2e34f63c5d5f30a27733976df5a1ab57feaab505f40d95d3dd3fefa425cc,False
file_0286.txt,1002,823a2e34f63c5d5f30a27733976df5a1ab57feaab505f40d95d3dd3fefa425cc,False
file_0287.txt,1002,823a2e34f63c5d5f30a27733976df5a1ab57feaab505f40d95d3dd3fefa425cc,False
file_0288.txt,1002,823a2e34f63c5d5f30a27733976df5a1ab57feaab505f40d95d3dd3fefa425cc,False
file_0289.txt,1002,823a2e34f63c5d5f30a27733976df5a1ab57feaab505f40d95d3dd3fefa425cc,False
file_0290.txt,1002,823a2e34f63c5d5f30a27733976df5a1ab57feaab505f40d95d3dd3fefa425cc,False
file_0291.txt,1002,823a2e34f63c5d5f30a27733976df5a1ab57feaab505f40d95d3dd3fefa425cc,False
file_0292.txt,1002,823a2e34f63c5d5f30a27733976df5a1ab57feaab505f40d95d3dd3fefa425cc,False
file_0293.txt,1002,823a2e34f63c5d5f30a27733976df5a1ab57feaab505f40d95d3dd3fefa425cc,False
file_0294.txt,1002,823a2e34f63c5d5f30a27733976df5a1ab57feaab505f40d95d3dd3fefa425cc,False
file_0295.txt,1002,823a2e34f63c5d5f30a27733976df5a1ab57feaab505f40d95d3dd3fefa425cc,False
file_0296.txt,1002,823a2e34f63c5d5f30a27733976df5a1ab57feaab505f40d95d3dd3fefa425cc,False
file_0297.txt,1002,823a2e34f63c5d5f30a27733976df5a1ab57feaab505f40d95d3dd3fefa425cc,False
file_0298.txt,1002,823a2e34f63c5d5f30a27733976df5a1ab57feaab505f40d95d3dd3fefa425cc,False
file_0299.txt,1002,823a2e34f63c5d5f30a27733976df5a1ab57feaab505f40d95d3dd3fefa425cc,False
file_0300.txt,1002,823a2e34f63c5d5f30a27733976df5a1ab57feaab505f40d95d3dd3fefa425cc,False
file_0301.txt,1002,823a2e34f63c5d5f30a27733976df5a1ab57feaab505f40d95d3dd3fefa425cc,False
file_0302.txt,1002,823a2e34f63c5d5f30a27733976df5a1ab57feaab505f40d95d3dd3fefa425cc,False
file_0303.txt,1002,823a2e34f63c5d5f30a27733976df5a1ab57feaab505f40d95d3dd3fefa425cc,False
file_0304.txt,1002,823a2e34f63c5d5f30a27733976df5a1ab57feaab505f40d95d3dd3fefa425cc,False
file_0305.txt,1002,823a2e34f63c5d5f30a27733976df5a1ab57feaab505f40d95d3dd3fefa425cc,False
file_0306.txt,1002,823a2e34f63c5d5f30a27733976df5a1ab57feaab505f40d95d3dd3fefa425cc,False
file_0307.txt,1002,823a2e34f63c5d5f30a27733976df5a1ab57feaab505f40d95d3dd3fefa425cc,False
file_0308.txt,1002,823a2e34f63c5d5f30a27733976df5a1ab57feaab505f40d95d3dd3fefa425cc,False
file_0309.txt,1002,823a2e34f63c5d5f30a27733976df5a1ab57feaab505f40d95d3dd3fefa425cc,False
file_0310.txt,1002,823a2e34f63c5d5f30a27733976df5a1ab57feaab505f40d95d3dd3fefa425cc,False
file_0311.txt,1002,823a2e34f63c5d5f30a27733976df5a1ab57feaab505f40d95d3dd3fefa425cc,False
file_0312.txt,1002,823a2e34f63c5d5f30a27733976df5a1ab57feaab505f40d95d3dd3fefa425cc,False
file_0313.txt,1002,823a2e34f63c5d5f30a27733976df5a1ab57feaab505f40d95d3dd3fefa425cc,False
file_0314.txt,1002,823a2e34f63c5d5f30a27733976df5a1ab57feaab505f40d95d3dd3fefa425cc,False
file_0315.txt,1002,823a2e34f63c5d5f30a27733976df5a1ab57feaab505f40d95d3dd3fefa425cc,False
file_0316.txt,1002,823a2e34f63c5d5f30a27733976df5a1ab57feaab505f40d95d3dd3fefa425cc,False
file_0317.txt,1002,823a2e34f63c5d5f30a27733976df5a1ab57feaab505f40d95d3dd3fefa425cc,False
file_0318.txt,1002,823a2e34f63c5d5f30a27733976df5a1ab57feaab505f40d95d3dd3fefa425cc,False
file_0319.txt,1002,823a2e34f63c5d5f30a27733976df5a1ab57feaab505f40d95d3dd3fefa425cc,False
file_0320.txt,1002,823a2e34f63c5d5f30a27733976df5a1ab57feaab505f40d95d3dd3fefa425cc,False
file_0321.txt,1002,823a2e34f63c5d5f30a27733976df5a1ab57feaab505f40d95d3dd3fefa425cc,False
file_0322.txt,1002,823a2e34f63c5d5f30a27733976df5a1ab57feaab505f40d95d3dd3fefa425cc,False
file_0323.txt,1002,823a2e34f63c5d5f30a27733976df5a1ab57feaab505f40d95d3dd3fefa425cc,False
file_0324.txt,1002,823a2e34f63c5d5f30a27733976df5a1ab57feaab505f40d95d3dd3fefa425cc,False
file_0325.txt,1002,823a2e34f63c5d5f30a27733976df5a1ab57feaab505f40d95d3dd3fefa425cc,False
file_0326.txt,1002,823a2e34f63c5d5f30a27733976df5a1ab57feaab505f40d95d3dd3fefa425cc,False
file_0327.txt,1002,823a2e34f63c5d5f30a27733976df5a1ab57feaab505f40d95d3dd3fefa425cc,False
file_0328.txt,1002,823a2e34f63c5d5f30a27733976df5a1ab57feaab505f40d95d3dd3fefa425cc,False
file_0329.txt,1002,823a2e34f63c5d5f30a27733976df5a1ab57feaab505f40d95d3dd3fefa425cc,False
file_0330.txt,1002,823a2e34f63c5d5f30a27733976df5a1ab57feaab505f40d95d3dd3fefa425cc,False
file_0331.txt,1002,823a2e34f63c5d5f30a27733976df5a1ab57feaab505f40d95d3dd3fefa425cc,False
file_0332.txt,1002,823a2e34f63c5d5f30a27733976df5a1ab57feaab505f40d95d3dd3fefa425cc,False
file_0333.txt,1002,823a2e34f63c5d5f30a27733976df5a1ab57feaab505f40d95d3dd3fefa425cc,False
file_0334.txt,1002,823a2e34f63c5d5f30a27733976df5a1ab57feaab505f40d95d3dd3fefa425cc,False
file_0335.txt,1002,823a2e34f63c5d5f30a27733976df5a1ab57feaab505f40d95d3dd3fefa425cc,False
file_0336.txt,1002,823a2e34f63c5d5f30a27733976df5a1ab57feaab505f40d95d3dd3fefa425cc,False
file_0337.txt,1002,823a2e34f63c5d5f30a27733976df5a1ab57feaab505f40d95d3dd3fefa425cc,False
file_0338.txt,1002,823a2e34f63c5d5f30a27733976df5a1ab57feaab505f40d95d3dd3fefa425cc,False
file_0339.txt,1002,823a2e34f63c5d5f30a27733976df5a1ab57feaab505f40d95d3dd3fefa425cc,False
file_0340.txt,1002,823a2e34f63c5d5f30a27733976df5a1ab57feaab505f40d95d3dd3fefa425cc,False
file_0341.txt,1002,823a2e34f63c5d5f30a27733976df5a1ab57feaab505f40d95d3dd3fefa425cc,False
file_0342.txt,1002,823a2e34f63c5d5f30a27733976df5a1ab57feaab505f40d95d3dd3fefa425cc,False
file_0343.txt,1002,823a2e34f63c5d5f30a27733976df5a1ab57feaab505f40d95d3dd3fefa425cc,False
file_0344.txt,1002,823a2e34f63c5d5f30a27733976df5a1ab57feaab505f40d95d3dd3fefa425cc,False
file_0345.txt,1002,823a2e34f63c5d5f30a27733976df5a1ab57feaab505f40d95d3dd3fefa425cc,False
file_0346.txt,1002,823a2e34f63c5d5f30a27733976df5a1ab57feaab505f40d95d3dd3fefa425cc,False
file_0347.txt,1002,823a2e34f63c5d5f30a27733976df5a1ab57feaab505f40d95d3dd3fefa425cc,False
file_0348.txt,1002,823a2e34f63c5d5f30a27733976df5a1ab57feaab505f40d95d3dd3fefa425cc,False
file_0349.txt,1002,823a2e34f63c5d5f30a27733976df5a1ab57feaab505f40d95d3dd3fefa425cc,False
file_0350.txt,1002,823a2e34f63c5d5f30a27733976df5a1ab57feaab505f40d95d3dd3fefa425cc,False
file_0351.txt,1002,823a2e34f63c5d5f30a27733976df5a1ab57feaab505f40d95d3dd3fefa425cc,False
file_0352.txt,1002,823a2e34f63c5d5f30a27733976df5a1ab57feaab505f40d95d3dd3fefa425cc,False
file_0353.txt,1002,823a2e34f63c5d5f30a27733976df5a1ab57feaab505f40d95d3dd3fefa425cc,False
file_0354.txt,1002,823a2e34f63c5d5f30a27733976df5a1ab57feaab505f40d95d3dd3fefa425cc,False
file_0355.txt,1002,823a2e34f63c5d5f30a27733976df5a1ab57feaab505f40d95d3dd3fefa425cc,False
file_0356.txt,1002,823a2e34f63c5d5f30a27733976df5a1ab57feaab505f40d95d3dd3fefa425cc,False
file_0357.txt,1002,823a2e34f63c5d5f30a27733976df5a1ab57feaab505f40d95d3dd3fefa425cc,False
file_0358.txt,1002,823a2e34f63c5d5f30a27733976df5a1ab57feaab505f40d95d3dd3fefa425cc,False
file_0359.txt,1002,823a2e34f63c5d5f30a27733976df5a1ab57feaab505f40d95d3dd3fefa425cc,False
file_0360.txt,1002,823a2e34f63c5d5f30a27733976df5a1ab57feaab505f40d95d3dd3fefa425cc,False
file_0361.txt,1002,823a2e34f63c5d5f30a27733976df5a1ab57feaab505f40d95d3dd3fefa425cc,False
file_0362.txt,1002,823a2e34f63c5d5f30a27733976df5a1ab57feaab505f40d95d3dd3fefa425cc,False
file_0363.txt,1002,823a2e34f63c5d5f30a27733976df5a1ab57feaab505f40d95d3dd3fefa425cc,False
file_0364.txt,1002,823a2e34f63c5d5f30a27733976df5a1ab57feaab505f40d95d3dd3fefa425cc,False
file_0365.txt,1002,823a2e34f63c5d5f30a27733976df5a1ab57feaab505f40d95d3dd3fefa425cc,False
file_0366.txt,1002,823a2e34f63c5d5f30a27733976df5a1ab57feaab505f40d95d3dd3fefa425cc,False
file_0367.txt,1002,823a2e34f63c5d5f30a27733976df5a1ab57feaab505f40d95d3dd3fefa425cc,False
file_0368.txt,1002,823a2e34f63c5d5f30a27733976df5a1ab57feaab505f40d95d3dd3fefa425cc,False
file_0369.txt,1002,823a2e34f63c5d5f30a27733976df5a1ab57feaab505f40d95d3dd3fefa425cc,False
file_0370.txt,1002,823a2e34f63c5d5f30a27733976df5a1ab57feaab505f40d95d3dd3fefa425cc,False
file_0371.txt,1002,823a2e34f63c5d5f30a27733976df5a1ab57feaab505f40d95d3dd3fefa425cc,False
file_0372.txt,1002,823a2e34f63c5d5f30a27733976df5a1ab57feaab505f40d95d3dd3fefa425cc,False
file_0373.txt,1002,823a2e34f63c5d5f30a27733976df5a1ab57feaab505f40d95d3dd3fefa425cc,False
file_0374.txt,1002,823a2e34f63c5d5f30a27733976df5a1ab57feaab505f40d95d3dd3fefa425cc,False
file_0375.txt,1002,823a2e34f63c5d5f30a27733976df5a1ab57feaab505f40d95d3dd3fefa425cc,False
file_0376.txt,1002,823a2e34f63c5d5f30a27733976df5a1ab57feaab505f40d95d3dd3fefa425cc,False
file_0377.txt,1002,823a2e34f63c5d5f30a27733976df5a1ab57feaab505f40d95d3dd3fefa425cc,False
file_0378.txt,1002,823a2e34f63c5d5f30a27733976df5a1ab57feaab505f40d95d3dd3fefa425cc,False
file_0379.txt,1002,823a2e34f63c5d5f30a27733976df5a1ab57feaab505f40d95d3dd3fefa425cc,False
file_0380.txt,1002,823a2e34f63c5d5f30a27733976df5a1ab57feaab505f40d95d3dd3fefa425cc,False
file_0381.txt,1002,823a2e34f63c5d5f30a27733976df5a1ab57feaab505f40d95d3dd3fefa425cc,False
file_0382.txt,1002,823a2e34f63c5d5f30a27733976df5a1ab57feaab505f40d95d3dd3fefa425cc,False
file_0383.txt,1002,823a2e34f63c5d5f30a27733976df5a1ab57feaab505f40d95d3dd3fefa425cc,False
file_0384.txt,1002,823a2e34f63c5d5f30a27733976df5a1ab57feaab505f40d95d3dd3fefa425cc,False
file_0385.txt,1002,823a2e34f63c5d5f30a27733976df5a1ab57feaab505f40d95d3dd3fefa425cc,False
file_0386.txt,1002,823a2e34f63c5d5f30a27733976df5a1ab57feaab505f40d95d3dd3fefa425cc,False
file_0387.txt,1002,823a2e34f63c5d5f30a27733976df5a1ab57feaab505f40d95d3dd3fefa425cc,False
file_0388.txt,1002,823a2e34f63c5d5f30a27733976df5a1ab57feaab505f40d95d3dd3fefa425cc,False
file_0389.txt,1002,823a2e34f63c5d5f30a27733976df5a1ab57feaab505f40d95d3dd3fefa425cc,False
file_0390.txt,1002,823a2e34f63c5d5f30a27733976df5a1ab57feaab505f40d95d3dd3fefa425cc,False
file_0391.txt,1002,823a2e34f63c5d5f30a27733976df5a1ab57feaab505f40d95d3dd3fefa425cc,False
file_0392.txt,1002,823a2e34f63c5d5f30a27733976df5a1ab57feaab505f40d95d3dd3fefa425cc,False
file_0393.txt,1002,823a2e34f63c5d5f30a27733976df5a1ab57feaab505f40d95d3dd3fefa425cc,False
file_0394.txt,1002,823a2e34f63c5d5f30a27733976df5a1ab57feaab505f40d95d3dd3fefa425cc,False
file_0395.txt,1002,823a2e34f63c5d5f30a27733976df5a1ab57feaab505f40d95d3dd3fefa425cc,False
file_0396.txt,1002,823a2e34f63c5d5f30a27733976df5a1ab57feaab505f40d95d3dd3fefa425cc,False
file_0397.txt,1002,823a2e34f63c5d5f30a27733976df5a1ab57feaab505f40d95d3dd3fefa425cc,False
file_0398.txt,1002,823a2e34f63c5d5f30a27733976df5a1ab57feaab505f40d95d3dd3fefa425cc,False
file_0399.txt,1002,823a2e34f63c5d5f30a27733976df5a1ab57feaab505f40d95d3dd3fefa425cc,False
file_0400.txt,1002,823a2e34f63c5d5f30a27733976df5a1ab57feaab505f40d95d3dd3fefa425cc,False
file_0401.txt,1002,823a2e34f63c5d5f30a27733976df5a1ab57feaab505f40d95d3dd3fefa425cc,False
file_0402.txt,1002,823a2e34f63c5d5f30a27733976df5a1ab57feaab505f40d95d3dd3fefa425cc,False
file_0403.txt,1002,823a2e34f63c5d5f30a27733976df5a1ab57feaab505f40d95d3dd3fefa425cc,False
file_0404.txt,1002,823a2e34f63c5d5f30a27733976df5a1ab57feaab505f40d95d3dd3fefa425cc,False
file_0405.txt,1002,823a2e34f63c5d5f30a27733976df5a1ab57feaab505f40d95d3dd3fefa425cc,False
file_0406.txt,1002,823a2e34f63c5d5f30a27733976df5a1ab57feaab505f40d95d3dd3fefa425cc,False
file_0407.txt,1002,823a2e34f63c5d5f30a27733976df5a1ab57feaab505f40d95d3dd3fefa425cc,False
file_0408.txt,1002,823a2e34f63c5d5f30a27733976df5a1ab57feaab505f40d95d3dd3fefa425cc,False
file_0409.txt,1002,823a2e34f63c5d5f30a27733976df5a1ab57feaab505f40d95d3dd3fefa425cc,False
file_0410.txt,1002,823a2e34f63c5d5f30a27733976df5a1ab57feaab505f40d95d3dd3fefa425cc,False
file_0411.txt,1002,823a2e34f63c5d5f30a27733976df5a1ab57feaab505f40d95d3dd3fefa425cc,False
file_0412.txt,1002,823a2e34f63c5d5f30a27733976df5a1ab57feaab505f40d95d3dd3fefa425cc,False
file_0413.txt,1002,823a2e34f63c5d5f30a27733976df5a1ab57feaab505f40d95d3dd3fefa425cc,False
file_0414.txt,1002,823a2e34f63c5d5f30a27733976df5a1ab57feaab505f40d95d3dd3fefa425cc,False
file_0415.txt,1002,823a2e34f63c5d5f30a27733976df5a1ab57feaab505f40d95d3dd3fefa425cc,False
file_0416.txt,1002,823a2e34f63c5d5f30a27733976df5a1ab57feaab505f40d95d3dd3fefa425cc,False
file_0417.txt,1002,823a2e34f63c5d5f30a27733976df5a1ab57feaab505f40d95d3dd3fefa425cc,False
file_0418.txt,1002,823a2e34f63c5d5f30a27733976df5a1ab57feaab505f40d95d3dd3fefa425cc,False
file_0419.txt,1002,823a2e34f63c5d5f30a27733976df5a1ab57feaab505f40d95d3dd3fefa425cc,False
file_0420.txt,1002,823a2e34f63c5d5f30a27733976df5a1ab57feaab505f40d95d3dd3fefa425cc,False
file_0421.txt,1002,823a2e34f63c5d5f30a27733976df5a1ab57feaab505f40d95d3dd3fefa425cc,False
file_0422.txt,1002,823a2e34f63c5d5f30a27733976df5a1ab57feaab505f40d95d3dd3fefa425cc,False
file_0423.txt,1002,823a2e34f63c5d5f30a27733976df5a1ab57feaab505f40d95d3dd3fefa425cc,False
file_0424.txt,1002,823a2e34f63c5d5f30a27733976df5a1ab57feaab505f40d95d3dd3fefa425cc,False
file_0425.txt,1002,823a2e34f63c5d5f30a27733976df5a1ab57feaab505f40d95d3dd3fefa425cc,False
file_0426.txt,1002,823a2e34f63c5d5f30a27733976df5a1ab57feaab505f40d95d3dd3fefa425cc,False
file_0427.txt,1002,823a2e34f63c5d5f30a27733976df5a1ab57feaab505f40d95d3dd3fefa425cc,False
file_0428.txt,1002,823a2e34f63c5d5f30a27733976df5a1ab57feaab505f40d95d3dd3fefa425cc,False
file_0429.txt,1002,823a2e34f63c5d5f30a27733976df5a1ab57feaab505f40d95d3dd3fefa425cc,False
file_0430.txt,1002,823a2e34f63c5d5f30a27733976df5a1ab57feaab505f40d95d3dd3fefa425cc,False
file_0431.txt,1002,823a2e34f63c5d5f30a27733976df5a1ab57feaab505f40d95d3dd3fefa425cc,False
file_0432.txt,1002,823a2e34f63c5d5f30a27733976df5a1ab57feaab505f40d95d3dd3fefa425cc,False
file_0433.txt,1002,823a2e34f63c5d5f30a27733976df5a1ab57feaab505f40d95d3dd3fefa425cc,False
file_0434.txt,1002,823a2e34f63c5d5f30a27733976df5a1ab57feaab505f40d95d3dd3fefa425cc,False
file_0435.txt,1002,823a2e34f63c5d5f30a27733976df5a1ab57feaab505f40d95d3dd3fefa425cc,False
file_0436.txt,1002,823a2e34f63c5d5f30a27733976df5a1ab57feaab505f40d95d3dd3fefa425cc,False
file_0437.txt,1002,823a2e34f63c5d5f30a27733976df5a1ab57feaab505f40d95d3dd3fefa425cc,False
file_0438.txt,1002,823a2e34f63c5d5f30a27733976df5a1ab57feaab505f40d95d3dd3fefa425cc,False
file_0439.txt,1002,823a2e34f63c5d5f30a27733976df5a1ab57feaab505f40d95d3dd3fefa425cc,False
file_0440.txt,1002,823a2e34f63c5d5f30a27733976df5a1ab57feaab505f40d95d3dd3fefa425cc,False
file_0441.txt,1002,823a2e34f63c5d5f30a27733976df5a1ab57feaab505f40d95d3dd3fefa425cc,False
file_0442.txt,1002,823a2e34f63c5d5f30a27733976df5a1ab57feaab505f40d95d3dd3fefa425cc,False
file_0443.txt,1002,823a2e34f63c5d5f30a27733976df5a1ab57feaab505f40d95d3dd3fefa425cc,False
file_0444.txt,1002,823a2e34f63c5d5f30a27733976df5a1ab57feaab505f40d95d3dd3fefa425cc,False
file_0445.txt,1002,823a2e34f63c5d5f30a27733976df5a1ab57feaab505f40d95d3dd3fefa425cc,False
file_0446.txt,1002,823a2e34f63c5d5f30a27733976df5a1ab57feaab505f40d95d3dd3fefa425cc,False
file_0447.txt,1002,823a2e34f63c5d5f30a27733976df5a1ab57feaab505f40d95d3dd3fefa425cc,False
file_0448.txt,1002,823a2e34f63c5d5f30a27733976df5a1ab57feaab505f40d95d3dd3fefa425cc,False
file_0449.txt,1002,823a2e34f63c5d5f30a27733976df5a1ab57feaab505f40d95d3dd3fefa425cc,False
file_0450.txt,1002,823a2e34f63c5d5f30a27733976df5a1ab57feaab505f40d95d3dd3fefa425cc,False
file_0451.txt,1002,823a2e34f63c5d5f30a27733976df5a1ab57feaab505f40d95d3dd3fefa425cc,False
file_0452.txt,1002,823a2e34f63c5d5f30a27733976df5a1ab57feaab505f40d95d3dd3fefa425cc,False
file_0453.txt,1002,823a2e34f63c5d5f30a27733976df5a1ab57feaab505f40d95d3dd3fefa425cc,False
file_0454.txt,1002,823a2e34f63c5d5f30a27733976df5a1ab57feaab505f40d95d3dd3fefa425cc,False
file_0455.txt,1002,823a2e34f63c5d5f30a27733976df5a1ab57feaab505f40d95d3dd3fefa425cc,False
file_0456.txt,1002,823a2e34f63c5d5f30a27733976df5a1ab57feaab505f40d95d3dd3fefa425cc,False
file_0457.txt,1002,823a2e34f63c5d5f30a27733976df5a1ab57feaab505f40d95d3dd3fefa425cc,False
file_0458.txt,1002,823a2e34f63c5d5f30a27733976df5a1ab57feaab505f40d95d3dd3fefa425cc,False
file_0459.txt,1002,823a2e34f63c5d5f30a27733976df5a1ab57feaab505f40d95d3dd3fefa425cc,False
file_0460.txt,1002,823a2e34f63c5d5f30a27733976df5a1ab57feaab505f40d95d3dd3fefa425cc,False
file_0461.txt,1002,823a2e34f63c5d5f30a27733976df5a1ab57feaab505f40d95d3dd3fefa425cc,False
file_0462.txt,1002,823a2e34f63c5d5f30a27733976df5a1ab57feaab505f40d95d3dd3fefa425cc,False
file_0463.txt,1002,823a2e34f63c5d5f30a27733976df5a1ab57feaab505f40d95d3dd3fefa425cc,False
file_0464.txt,1002,823a2e34f63c5d5f30a27733976df5a1ab57feaab505f40d95d3dd3fefa425cc,False
file_0465.txt,1002,823a2e34f63c5d5f30a27733976df5a1ab57feaab505f40d95d3dd3fefa425cc,False
file_0466.txt,1002,823a2e34f63c5d5f30a27733976df5a1ab57feaab505f40d95d3dd3fefa425cc,False
file_0467.txt,1002,823a2e34f63c5d5f30a27733976df5a1ab57feaab505f40d95d3dd3fefa425cc,False
file_0468.txt,1002,823a2e34f63c5d5f30a27733976df5a1ab57feaab505f40d95d3dd3fefa425cc,False
file_0469.txt,1002,823a2e34f63c5d5f30a27733976df5a1ab57feaab505f40d95d3dd3fefa425cc,False
file_0470.txt,1002,823a2e34f63c5d5f30a27733976df5a1ab57feaab505f40d95d3dd3fefa425cc,False
file_0471.txt,1002,823a2e34f63c5d5f30a27733976df5a1ab57feaab505f40d95d3dd3fefa425cc,False
file_0472.txt,1002,823a2e34f63c5d5f30a27733976df5a1ab57feaab505f40d95d3dd3fefa425cc,False
file_0473.txt,1002,823a2e34f63c5d5f30a27733976df5a1ab57feaab505f40d95d3dd3fefa425cc,False
file_0474.txt,1002,823a2e34f63c5d5f30a27733976df5a1ab57feaab505f40d95d3dd3fefa425cc,False
file_0475.txt,1002,823a2e34f63c5d5f30a27733976df5a1ab57feaab505f40d95d3dd3fefa425cc,False
file_0476.txt,1002,823a2e34f63c5d5f30a27733976df5a1ab57feaab505f40d95d3dd3fefa425cc,False
file_0477.txt,1002,823a2e34f63c5d5f30a27733976df5a1ab57feaab505f40d95d3dd3fefa425cc,False
file_0478.txt,1002,823a2e34f63c5d5f30a27733976df5a1ab57feaab505f40d95d3dd3fefa425cc,False
file_0479.txt,1002,823a2e34f63c5d5f30a27733976df5a1ab57feaab505f40d95d3dd3fefa425cc,False
file_0480.txt,1002,823a2e34f63c5d5f30a27733976df5a1ab57feaab505f40d95d3dd3fefa425cc,False
file_0481.txt,1002,823a2e34f63c5d5f30a27733976df5a1ab57feaab505f40d95d3dd3fefa425cc,False
file_0482.txt,1002,823a2e34f63c5d5f30a27733976df5a1ab57feaab505f40d95d3dd3fefa425cc,False
file_0483.txt,1002,823a2e34f63c5d5f30a27733976df5a1ab57feaab505f40d95d3dd3fefa425cc,False
file_0484.txt,1002,823a2e34f63c5d5f30a27733976df5a1ab57feaab505f40d95d3dd3fefa425cc,False
file_0485.txt,1002,823a2e34f63c5d5f30a27733976df5a1ab57feaab505f40d95d3dd3fefa425cc,False
file_0486.txt,1002,823a2e34f63c5d5f30a27733976df5a1ab57feaab505f40d95d3dd3fefa425cc,False
file_0487.txt,1002,823a2e34f63c5d5f30a27733976df5a1ab57feaab505f40d95d3dd3fefa425cc,False
file_0488.txt,1002,823a2e34f63c5d5f30a27733976df5a1ab57feaab505f40d95d3dd3fefa425cc,False
file_0489.txt,1002,823a2e34f63c5d5f30a27733976df5a1ab57feaab505f40d95d3dd3fefa425cc,False
file_0490.txt,1002,823a2e34f63c5d5f30a27733976df5a1ab57feaab505f40d95d3dd3fefa425cc,False
file_0491.txt,1002,823a2e34f63c5d5f30a27733976df5a1ab57feaab505f40d95d3dd3fefa425cc,False
file_0492.txt,1002,823a2e34f63c5d5f30a27733976df5a1ab57feaab505f40d95d3dd3fefa425cc,False
file_0493.txt,1002,823a2e34f63c5d5f30a27733976df5a1ab57feaab505f40d95d3dd3fefa425cc,False
file_0494.txt,1002,823a2e34f63c5d5f30a27733976df5a1ab57feaab505f40d95d3dd3fefa425cc,False
file_0495.txt,1002,823a2e34f63c5d5f30a27733976df5a1ab57feaab505f40d95d3dd3fefa425cc,False
file_0496.txt,1002,823a2e34f63c5d5f30a27733976df5a1ab57feaab505f40d95d3dd3fefa425cc,False
file_0497.txt,1002,823a2e34f63c5d5f30a27733976df5a1ab57feaab505f40d95d3dd3fefa425cc,False
file_0498.txt,1002,823a2e34f63c5d5f30a27733976df5a1ab57feaab505f40d95d3dd3fefa425cc,False
file_0499.txt,1002,823a2e34f63c5d5f30a27733976df5a1ab57feaab505f40d95d3dd3fefa425cc,False
file_0500.txt,1002,823a2e34f63c5d5f30a27733976df5a1ab57feaab505f40d95d3dd3fefa425cc,False
file_0501.txt,1002,823a2e34f63c5d5f30a27733976df5a1ab57feaab505f40d95d3dd3fefa425cc,False
file_0502.txt,1002,823a2e34f63c5d5f30a27733976df5a1ab57feaab505f40d95d3dd3fefa425cc,False
file_0503.txt,1002,823a2e34f63c5d5f30a27733976df5a1ab57feaab505f40d95d3dd3fefa425cc,False
file_0504.txt,1002,823a2e34f63c5d5f30a27733976df5a1ab57feaab505f40d95d3dd3fefa425cc,False
file_0505.txt,1002,823a2e34f63c5d5f30a27733976df5a1ab57feaab505f40d95d3dd3fefa425cc,False
file_0506.txt,1002,823a2e34f63c5d5f30a27733976df5a1ab57feaab505f40d95d3dd3fefa425cc,False
file_0507.txt,1002,823a2e34f63c5d5f30a27733976df5a1ab57feaab505f40d95d3dd3fefa425cc,False
file_0508.txt,1002,823a2e34f63c5d5f30a27733976df5a1ab57feaab505f40d95d3dd3fefa425cc,False
file_0509.txt,1002,823a2e34f63c5d5f30a27733976df5a1ab57feaab505f40d95d3dd3fefa425cc,False
file_0510.txt,1002,823a2e34f63c5d5f30a27733976df5a1ab57feaab505f40d95d3dd3fefa425cc,False
file_0511.txt,1002,823a2e34f63c5d5f30a27733976df5a1ab57feaab505f40d95d3dd3fefa425cc,False
file_0512.txt,1002,823a2e34f63c5d5f30a27733976df5a1ab57feaab505f40d95d3dd3fefa425cc,False
file_0513.txt,1002,823a2e34f63c5d5f30a27733976df5a1ab57feaab505f40d95d3dd3fefa425cc,False
file_0514.txt,1002,823a2e34f63c5d5f30a27733976df5a1ab57feaab505f40d95d3dd3fefa425cc,False
file_0515.txt,1002,823a2e34f63c5d5f30a27733976df5a1ab57feaab505f40d95d3dd3fefa425cc,False
file_0516.txt,1002,823a2e34f63c5d5f30a27733976df5a1ab57feaab505f40d95d3dd3fefa425cc,False
file_0517.txt,1002,823a2e34f63c5d5f30a27733976df5a1ab57feaab505f40d95d3dd3fefa425cc,False
file_0518.txt,1002,823a2e34f63c5d5f30a27733976df5a1ab57feaab505f40d95d3dd3fefa425cc,False
file_0519.txt,1002,823a2e34f63c5d5f30a27733976df5a1ab57feaab505f40d95d3dd3fefa425cc,False
file_0520.txt,1002,823a2e34f63c5d5f30a27733976df5a1ab57feaab505f40d95d3dd3fefa425cc,False
file_0521.txt,1002,823a2e34f63c5d5f30a27733976df5a1ab57feaab505f40d95d3dd3fefa425cc,False
file_0522.txt,1002,823a2e34f63c5d5f30a27733976df5a1ab57feaab505f40d95d3dd3fefa425cc,False
file_0523.txt,1002,823a2e34f63c5d5f30a27733976df5a1ab57feaab505f40d95d3dd3fefa425cc,False
file_0524.txt,1002,823a2e34f63c5d5f30a27733976df5a1ab57feaab505f40d95d3dd3fefa425cc,False
file_0525.txt,1002,823a2e34f63c5d5f30a27733976df5a1ab57feaab505f40d95d3dd3fefa425cc,False
file_0526.txt,1002,823a2e34f63c5d5f30a27733976df5a1ab57feaab505f40d95d3dd3fefa425cc,False
file_0527.txt,1002,823a2e34f63c5d5f30a27733976df5a1ab57feaab505f40d95d3dd3fefa425cc,False
file_0528.txt,1002,823a2e34f63c5d5f30a27733976df5a1ab57feaab505f40d95d3dd3fefa425cc,False
file_0529.txt,1002,823a2e34f63c5d5f30a27733976df5a1ab57feaab505f40d95d3dd3fefa425cc,False
file_0530.txt,1002,823a2e34f63c5d5f30a27733976df5a1ab57feaab505f40d95d3dd3fefa425cc,False
file_0531.txt,1002,823a2e34f63c5d5f30a27733976df5a1ab57feaab505f40d95d3dd3fefa425cc,False
file_0532.txt,1002,823a2e34f63c5d5f30a27733976df5a1ab57feaab505f40d95d3dd3fefa425cc,False
file_0533.txt,1002,823a2e34f63c5d5f30a27733976df5a1ab57feaab505f40d95d3dd3fefa425cc,False
file_0534.txt,1002,823a2e34f63c5d5f30a27733976df5a1ab57feaab505f40d95d3dd3fefa425cc,False
file_0535.txt,1002,823a2e34f63c5d5f30a27733976df5a1ab57feaab505f40d95d3dd3fefa425cc,False
file_0536.txt,1002,823a2e34f63c5d5f30a27733976df5a1ab57feaab505f40d95d3dd3fefa425cc,False
file_0537.txt,1002,823a2e34f63c5d5f30a27733976df5a1ab57feaab505f40d95d3dd3fefa425cc,False
file_0538.txt,1002,823a2e34f63c5d5f30a27733976df5a1ab57feaab505f40d95d3dd3fefa425cc,False
file_0539.txt,1002,823a2e34f63c5d5f30a27733976df5a1ab57feaab505f40d95d3dd3fefa425cc,False
file_0540.txt,1002,823a2e34f63c5d5f30a27733976df5a1ab57feaab505f40d95d3dd3fefa425cc,False
file_0541.txt,1002,823a2e34f63c5d5f30a27733976df5a1ab57feaab505f40d95d3dd3fefa425cc,False
file_0542.txt,1002,823a2e34f63c5d5f30a27733976df5a1ab57feaab505f40d95d3dd3fefa425cc,False
file_0543.txt,1002,823a2e34f63c5d5f30a27733976df5a1ab57feaab505f40d95d3dd3fefa425cc,False
file_0544.txt,1002,823a2e34f63c5d5f30a27733976df5a1ab57feaab505f40d95d3dd3fefa425cc,False
file_0545.txt,1002,823a2e34f63c5d5f30a27733976df5a1ab57feaab505f40d95d3dd3fefa425cc,False
file_0546.txt,1002,823a2e34f63c5d5f30a27733976df5a1ab57feaab505f40d95d3dd3fefa425cc,False
file_0547.txt,1002,823a2e34f63c5d5f30a27733976df5a1ab57feaab505f40d95d3dd3fefa425cc,False
file_0548.txt,1002,823a2e34f63c5d5f30a27733976df5a1ab57feaab505f40d95d3dd3fefa425cc,False
file_0549.txt,1002,823a2e34f63c5d5f30a27733976df5a1ab57feaab505f40d95d3dd3fefa425cc,False
file_0550.txt,1002,823a2e34f63c5d5f30a27733976df5a1ab57feaab505f40d95d3dd3fefa425cc,False
file_0551.txt,1002,823a2e34f63c5d5f30a27733976df5a1ab57feaab505f40d95d3dd3fefa425cc,False
file_0552.txt,1002,823a2e34f63c5d5f30a27733976df5a1ab57feaab505f40d95d3dd3fefa425cc,False
file_0553.txt,1002,823a2e34f63c5d5f30a27733976df5a1ab57feaab505f40d95d3dd3fefa425cc,False
file_0554.txt,1002,823a2e34f63c5d5f30a27733976df5a1ab57feaab505f40d95d3dd3fefa425cc,False
file_0555.txt,1002,823a2e34f63c5d5f30a27733976df5a1ab57feaab505f40d95d3dd3fefa425cc,False
file_0556.txt,1002,823a2e34f63c5d5f30a27733976df5a1ab57feaab505f40d95d3dd3fefa425cc,False
file_0557.txt,1002,823a2e34f63c5d5f30a27733976df5a1ab57feaab505f40d95d3dd3fefa425cc,False
file_0558.txt,1002,823a2e34f63c5d5f30a27733976df5a1ab57feaab505f40d95d3dd3fefa425cc,False
file_0559.txt,1002,823a2e34f63c5d5f30a27733976df5a1ab57feaab505f40d95d3dd3fefa425cc,False
file_0560.txt,1002,823a2e34f63c5d5f30a27733976df5a1ab57feaab505f40d95d3dd3fefa425cc,False
file_0561.txt,1002,823a2e34f63c5d5f30a27733976df5a1ab57feaab505f40d95d3dd3fefa425cc,False
file_0562.txt,1002,823a2e34f63c5d5f30a27733976df5a1ab57feaab505f40d95d3dd3fefa425cc,False
file_0563.txt,1002,823a2e34f63c5d5f30a27733976df5a1ab57feaab505f40d95d3dd3fefa425cc,False
file_0564.txt,1002,823a2e34f63c5d5f30a27733976df5a1ab57feaab505f40d95d3dd3fefa425cc,False
file_0565.txt,1002,823a2e34f63c5d5f30a27733976df5a1ab57feaab505f40d95d3dd3fefa425cc,False
file_0566.txt,1002,823a2e34f63c5d5f30a27733976df5a1ab57feaab505f40d95d3dd3fefa425cc,False
file_0567.txt,1002,823a2e34f63c5d5f30a27733976df5a1ab57feaab505f40d95d3dd3fefa425cc,False
file_0568.txt,1002,823a2e34f63c5d5f30a27733976df5a1ab57feaab505f40d95d3dd3fefa425cc,False
file_0569.txt,1002,823a2e34f63c5d5f30a27733976df5a1ab57feaab505f40d95d3dd3fefa425cc,False
file_0570.txt,1002,823a2e34f63c5d5f30a27733976df5a1ab57feaab505f40d95d3dd3fefa425cc,False
file_0571.txt,1002,823a2e34f63c5d5f30a27733976df5a1ab57feaab505f40d95d3dd3fefa425cc,False
file_0572.txt,1002,823a2e34f63c5d5f30a27733976df5a1ab57feaab505f40d95d3dd3fefa425cc,False
file_0573.txt,1002,823a2e34f63c5d5f30a27733976df5a1ab57feaab505f40d95d3dd3fefa425cc,False
file_0574.txt,1002,823a2e34f63c5d5f30a27733976df5a1ab57feaab505f40d95d3dd3fefa425cc,False
file_0575.txt,1002,823a2e34f63c5d5f30a27733976df5a1ab57feaab505f40d95d3dd3fefa425cc,False
file_0576.txt,1002,823a2e34f63c5d5f30a27733976df5a1ab57feaab505f40d95d3dd3fefa425cc,False
file_0577.txt,1002,823a2e34f63c5d5f30a27733976df5a1ab57feaab505f40d95d3dd3fefa425cc,False
file_0578.txt,1002,823a2e34f63c5d5f30a27733976df5a1ab57feaab505f40d95d3dd3fefa425cc,False
file_0579.txt,1002,823a2e34f63c5d5f30a27733976df5a1ab57feaab505f40d95d3dd3fefa425cc,False
file_0580.txt,1002,823a2e34f63c5d5f30a27733976df5a1ab57feaab505f40d95d3dd3fefa425cc,False
file_0581.txt,1002,823a2e34f63c5d5f30a27733976df5a1ab57feaab505f40d95d3dd3fefa425cc,False
file_0582.txt,1002,823a2e34f63c5d5f30a27733976df5a1ab57feaab505f40d95d3dd3fefa425cc,False
file_0583.txt,1002,823a2e34f63c5d5f30a27733976df5a1ab57feaab505f40d95d3dd3fefa425cc,False
file_0584.txt,1002,823a2e34f63c5d5f30a27733976df5a1ab57feaab505f40d95d3dd3fefa425cc,False
file_0585.txt,1002,823a2e34f63c5d5f30a27733976df5a1ab57feaab505f40d95d3dd3fefa425cc,False
file_0586.txt,1002,823a2e34f63c5d5f30a27733976df5a1ab57feaab505f40d95d3dd3fefa425cc,False
file_0587.txt,1002,823a2e34f63c5d5f30a27733976df5a1ab57feaab505f40d95d3dd3fefa425cc,False
file_0588.txt,1002,823a2e34f63c5d5f30a27733976df5a1ab57feaab505f40d95d3dd3fefa425cc,False
file_0589.txt,1002,823a2e34f63c5d5f30a27733976df5a1ab57feaab505f40d95d3dd3fefa425cc,False
file_0590.txt,1002,823a2e34f63c5d5f30a27733976df5a1ab57feaab505f40d95d3dd3fefa425cc,False
file_0591.txt,1002,823a2e34f63c5d5f30a27733976df5a1ab57feaab505f40d95d3dd3fefa425cc,False
file_0592.txt,1002,823a2e34f63c5d5f30a27733976df5a1ab57feaab505f40d95d3dd3fefa425cc,False
file_0593.txt,1002,823a2e34f63c5d5f30a27733976df5a1ab57feaab505f40d95d3dd3fefa425cc,False
file_0594.txt,1002,823a2e34f63c5d5f30a27733976df5a1ab57feaab505f40d95d3dd3fefa425cc,False
file_0595.txt,1002,823a2e34f63c5d5f30a27733976df5a1ab57feaab505f40d95d3dd3fefa425cc,False
file_0596.txt,1002,823a2e34f63c5d5f30a27733976df5a1ab57feaab505f40d95d3dd3fefa425cc,False
file_0597.txt,1002,823a2e34f63c5d5f30a27733976df5a1ab57feaab505f40d95d3dd3fefa425cc,False
file_0598.txt,1002,823a2e34f63c5d5f30a27733976df5a1ab57feaab505f40d95d3dd3fefa425cc,False
file_0599.txt,1002,823a2e34f63c5d5f30a27733976df5a1ab57feaab505f40d95d3dd3fefa425cc,False
file_0600.txt,1002,823a2e34f63c5d5f30a27733976df5a1ab57feaab505f40d95d3dd3fefa425cc,False
file_0601.txt,1002,823a2e34f63c5d5f30a27733976df5a1ab57feaab505f40d95d3dd3fefa425cc,False
file_0602.txt,1002,823a2e34f63c5d5f30a27733976df5a1ab57feaab505f40d95d3dd3fefa425cc,False
file_0603.txt,1002,823a2e34f63c5d5f30a27733976df5a1ab57feaab505f40d95d3dd3fefa425cc,False
file_0604.txt,1002,823a2e34f63c5d5f30a27733976df5a1ab57feaab505f40d95d3dd3fefa425cc,False
file_0605.txt,1002,823a2e34f63c5d5f30a27733976df5a1ab57feaab505f40d95d3dd3fefa425cc,False
file_0606.txt,1002,823a2e34f63c5d5f30a27733976df5a1ab57feaab505f40d95d3dd3fefa425cc,False
file_0607.txt,1002,823a2e34f63c5d5f30a27733976df5a1ab57feaab505f40d95d3dd3fefa425cc,False
file_0608.txt,1002,823a2e34f63c5d5f30a27733976df5a1ab57feaab505f40d95d3dd3fefa425cc,False
file_0609.txt,1002,823a2e34f63c5d5f30a27733976df5a1ab57feaab505f40d95d3dd3fefa425cc,False
file_0610.txt,1002,823a2e34f63c5d5f30a27733976df5a1ab57feaab505f40d95d3dd3fefa425cc,False
file_0611.txt,1002,823a2e34f63c5d5f30a27733976df5a1ab57feaab505f40d95d3dd3fefa425cc,False
file_0612.txt,1002,823a2e34f63c5d5f30a27733976df5a1ab57feaab505f40d95d3dd3fefa425cc,False
file_0613.txt,1002,823a2e34f63c5d5f30a27733976df5a1ab57feaab505f40d95d3dd3fefa425cc,False
file_0614.txt,1002,823a2e34f63c5d5f30a27733976df5a1ab57feaab505f40d95d3dd3fefa425cc,False
file_0615.txt,1002,823a2e34f63c5d5f30a27733976df5a1ab57feaab505f40d95d3dd3fefa425cc,False
file_0616.txt,1002,823a2e34f63c5d5f30a27733976df5a1ab57feaab505f40d95d3dd3fefa425cc,False
file_0617.txt,1002,823a2e34f63c5d5f30a27733976df5a1ab57feaab505f40d95d3dd3fefa425cc,False
file_0618.txt,1002,823a2e34f63c5d5f30a27733976df5a1ab57feaab505f40d95d3dd3fefa425cc,False
file_0619.txt,1002,823a2e34f63c5d5f30a27733976df5a1ab57feaab505f40d95d3dd3fefa425cc,False
file_0620.txt,1002,823a2e34f63c5d5f30a27733976df5a1ab57feaab505f40d95d3dd3fefa425cc,False
file_0621.txt,1002,823a2e34f63c5d5f30a27733976df5a1ab57feaab505f40d95d3dd3fefa425cc,False
file_0622.txt,1002,823a2e34f63c5d5f30a27733976df5a1ab57feaab505f40d95d3dd3fefa425cc,False
file_0623.txt,1002,823a2e34f63c5d5f30a27733976df5a1ab57feaab505f40d95d3dd3fefa425cc,False
file_0624.txt,1002,823a2e34f63c5d5f30a27733976df5a1ab57feaab505f40d95d3dd3fefa425cc,False
file_0625.txt,1002,823a2e34f63c5d5f30a27733976df5a1ab57feaab505f40d95d3dd3fefa425cc,False
file_0626.txt,1002,823a2e34f63c5d5f30a27733976df5a1ab57feaab505f40d95d3dd3fefa425cc,False
file_0627.txt,1002,823a2e34f63c5d5f30a27733976df5a1ab57feaab505f40d95d3dd3fefa425cc,False
file_0628.txt,1002,823a2e34f63c5d5f30a27733976df5a1ab57feaab505f40d95d3dd3fefa425cc,False
file_0629.txt,1002,823a2e34f63c5d5f30a27733976df5a1ab57feaab505f40d95d3dd3fefa425cc,False
file_0630.txt,1002,823a2e34f63c5d5f30a27733976df5a1ab57feaab505f40d95d3dd3fefa425cc,False
file_0631.txt,1002,823a2e34f63c5d5f30a27733976df5a1ab57feaab505f40d95d3dd3fefa425cc,False
file_0632.txt,1002,823a2e34f63c5d5f30a27733976df5a1ab57feaab505f40d95d3dd3fefa425cc,False
file_0633.txt,1002,823a2e34f63c5d5f30a27733976df5a1ab57feaab505f40d95d3dd3fefa425cc,False
file_0634.txt,1002,823a2e34f63c5d5f30a27733976df5a1ab57feaab505f40d95d3dd3fefa425cc,False
file_0635.txt,1002,823a2e34f63c5d5f30a27733976df5a1ab57feaab505f40d95d3dd3fefa425cc,False
file_0636.txt,1002,823a2e34f63c5d5f30a27733976df5a1ab57feaab505f40d95d3dd3fefa425cc,False
file_0637.txt,1002,823a2e34f63c5d5f30a27733976df5a1ab57feaab505f40d95d3dd3fefa425cc,False
file_0638.txt,1002,823a2e34f63c5d5f30a27733976df5a1ab57feaab505f40d95d3dd3fefa425cc,False
file_0639.txt,1002,823a2e34f63c5d5f30a27733976df5a1ab57feaab505f40d95d3dd3fefa425cc,False
file_0640.txt,1002,823a2e34f63c5d5f30a27733976df5a1ab57feaab505f40d95d3dd3fefa425cc,False
file_0641.txt,1002,823a2e34f63c5d5f30a27733976df5a1ab57feaab505f40d95d3dd3fefa425cc,False
file_0642.txt,1002,823a2e34f63c5d5f30a27733976df5a1ab57feaab505f40d95d3dd3fefa425cc,False
file_0643.txt,1002,823a2e34f63c5d5f30a27733976df5a1ab57feaab505f40d95d3dd3fefa425cc,False
file_0644.txt,1002,823a2e34f63c5d5f30a27733976df5a1ab57feaab505f40d95d3dd3fefa425cc,False
file_0645.txt,1002,823a2e34f63c5d5f30a27733976df5a1ab57feaab505f40d95d3dd3fefa425cc,False
file_0646.txt,1002,823a2e34f63c5d5f30a27733976df5a1ab57feaab505f40d95d3dd3fefa425cc,False
file_0647.txt,1002,823a2e34f63c5d5f30a27733976df5a1ab57feaab505f40d95d3dd3fefa425cc,False
file_0648.txt,1002,823a2e34f63c5d5f30a27733976df5a1ab57feaab505f40d95d3dd3fefa425cc,False
file_0649.txt,1002,823a2e34f63c5d5f30a27733976df5a1ab57feaab505f40d95d3dd3fefa425cc,False
file_0650.txt,1002,823a2e34f63c5d5f30a27733976df5a1ab57feaab505f40d95d3dd3fefa425cc,False
file_0651.txt,1002,823a2e34f63c5d5f30a27733976df5a1ab57feaab505f40d95d3dd3fefa425cc,False
file_0652.txt,1002,823a2e34f63c5d5f30a27733976df5a1ab57feaab505f40d95d3dd3fefa425cc,False
file_0653.txt,1002,823a2e34f63c5d5f30a27733976df5a1ab57feaab505f40d95d3dd3fefa425cc,False
file_0654.txt,1002,823a2e34f63c5d5f30a27733976df5a1ab57feaab505f40d95d3dd3fefa425cc,False
file_0655.txt,1002,823a2e34f63c5d5f30a27733976df5a1ab57feaab505f40d95d3dd3fefa425cc,False
file_0656.txt,1002,823a2e34f63c5d5f30a27733976df5a1ab57feaab505f40d95d3dd3fefa425cc,False
file_0657.txt,1002,823a2e34f63c5d5f30a27733976df5a1ab57feaab505f40d95d3dd3fefa425cc,False
file_0658.txt,1002,823a2e34f63c5d5f30a27733976df5a1ab57feaab505f40d95d3dd3fefa425cc,False
file_0659.txt,1002,823a2e34f63c5d5f30a27733976df5a1ab57feaab505f40d95d3dd3fefa425cc,False
file_0660.txt,1002,823a2e34f63c5d5f30a27733976df5a1ab57feaab505f40d95d3dd3fefa425cc,False
file_0661.txt,1002,823a2e34f63c5d5f30a27733976df5a1ab57feaab505f40d95d3dd3fefa425cc,False
file_0662.txt,1002,823a2e34f63c5d5f30a27733976df5a1ab57feaab505f40d95d3dd3fefa425cc,False
file_0663.txt,1002,823a2e34f63c5d5f30a27733976df5a1ab57feaab505f40d95d3dd3fefa425cc,False
file_0664.txt,1002,823a2e34f63c5d5f30a27733976df5a1ab57feaab505f40d95d3dd3fefa425cc,False
file_0665.txt,1002,823a2e34f63c5d5f30a27733976df5a1ab57feaab505f40d95d3dd3fefa425cc,False
file_0666.txt,1002,823a2e34f63c5d5f30a27733976df5a1ab57feaab505f40d95d3dd3fefa425cc,False
file_0667.txt,1002,823a2e34f63c5d5f30a27733976df5a1ab57feaab505f40d95d3dd3fefa425cc,False
file_0668.txt,1002,823a2e34f63c5d5f30a27733976df5a1ab57feaab505f40d95d3dd3fefa425cc,False
file_0669.txt,1002,823a2e34f63c5d5f30a27733976df5a1ab57feaab505f40d95d3dd3fefa425cc,False
file_0670.txt,1002,823a2e34f63c5d5f30a27733976df5a1ab57feaab505f40d95d3dd3fefa425cc,False
file_0671.txt,1002,823a2e34f63c5d5f30a27733976df5a1ab57feaab505f40d95d3dd3fefa425cc,False
file_0672.txt,1002,823a2e34f63c5d5f30a27733976df5a1ab57feaab505f40d95d3dd3fefa425cc,False
file_0673.txt,1002,823a2e34f63c5d5f30a27733976df5a1ab57feaab505f40d95d3dd3fefa425cc,False
file_0674.txt,1002,823a2e34f63c5d5f30a27733976df5a1ab57feaab505f40d95d3dd3fefa425cc,False
file_0675.txt,1002,823a2e34f63c5d5f30a27733976df5a1ab57feaab505f40d95d3dd3fefa425cc,False
file_0676.txt,1002,823a2e34f63c5d5f30a27733976df5a1ab57feaab505f40d95d3dd3fefa425cc,False
file_0677.txt,1002,823a2e34f63c5d5f30a27733976df5a1ab57feaab505f40d95d3dd3fefa425cc,False
file_0678.txt,1002,823a2e34f63c5d5f30a27733976df5a1ab57feaab505f40d95d3dd3fefa425cc,False
file_0679.txt,1002,823a2e34f63c5d5f30a27733976df5a1ab57feaab505f40d95d3dd3fefa425cc,False
file_0680.txt,1002,823a2e34f63c5d5f30a27733976df5a1ab57feaab505f40d95d3dd3fefa425cc,False
file_0681.txt,1002,823a2e34f63c5d5f30a27733976df5a1ab57feaab505f40d95d3dd3fefa425cc,False
file_0682.txt,1002,823a2e34f63c5d5f30a27733976df5a1ab57feaab505f40d95d3dd3fefa425cc,False
file_0683.txt,1002,823a2e34f63c5d5f30a27733976df5a1ab57feaab505f40d95d3dd3fefa425cc,False
file_0684.txt,1002,823a2e34f63c5d5f30a27733976df5a1ab57feaab505f40d95d3dd3fefa425cc,False
file_0685.txt,1002,823a2e34f63c5d5f30a27733976df5a1ab57feaab505f40d95d3dd3fefa425cc,False
file_0686.txt,1002,823a2e34f63c5d5f30a27733976df5a1ab57feaab505f40d95d3dd3fefa425cc,False
file_0687.txt,1002,823a2e34f63c5d5f30a27733976df5a1ab57feaab505f40d95d3dd3fefa425cc,False
file_0688.txt,1002,823a2e34f63c5d5f30a27733976df5a1ab57feaab505f40d95d3dd3fefa425cc,False
file_0689.txt,1002,823a2e34f63c5d5f30a27733976df5a1ab57feaab505f40d95d3dd3fefa425cc,False
file_0690.txt,1002,823a2e34f63c5d5f30a27733976df5a1ab57feaab505f40d95d3dd3fefa425cc,False
file_0691.txt,1002,823a2e34f63c5d5f30a27733976df5a1ab57feaab505f40d95d3dd3fefa425cc,False
file_0692.txt,1002,823a2e34f63c5d5f30a27733976df5a1ab57feaab505f40d95d3dd3fefa425cc,False
file_0693.txt,1002,823a2e34f63c5d5f30a27733976df5a1ab57feaab505f40d95d3dd3fefa425cc,False
file_0694.txt,1002,823a2e34f63c5d5f30a27733976df5a1ab57feaab505f40d95d3dd3fefa425cc,False
file_0695.txt,1002,823a2e34f63c5d5f30a27733976df5a1ab57feaab505f40d95d3dd3fefa425cc,False
file_0696.txt,1002,823a2e34f63c5d5f30a27733976df5a1ab57feaab505f40d95d3dd3fefa425cc,False
file_0697.txt,1002,823a2e34f63c5d5f30a27733976df5a1ab57feaab505f40d95d3dd3fefa425cc,False
file_0698.txt,1002,823a2e34f63c5d5f30a27733976df5a1ab57feaab505f40d95d3dd3fefa425cc,False
file_0699.txt,1002,823a2e34f63c5d5f30a27733976df5a1ab57feaab505f40d95d3dd3fefa425cc,False
file_0700.txt,1002,823a2e34f63c5d5f30a27733976df5a1ab57feaab505f40d95d3dd3fefa425cc,False
file_0701.txt,1002,823a2e34f63c5d5f30a27733976df5a1ab57feaab505f40d95d3dd3fefa425cc,False
file_0702.txt,1002,823a2e34f63c5d5f30a27733976df5a1ab57feaab505f40d95d3dd3fefa425cc,False
file_0703.txt,1002,823a2e34f63c5d5f30a27733976df5a1ab57feaab505f40d95d3dd3fefa425cc,False
file_0704.txt,1002,823a2e34f63c5d5f30a27733976df5a1ab57feaab505f40d95d3dd3fefa425cc,False
file_0705.txt,1002,823a2e34f63c5d5f30a27733976df5a1ab57feaab505f40d95d3dd3fefa425cc,False
file_0706.txt,1002,823a2e34f63c5d5f30a27733976df5a1ab57feaab505f40d95d3dd3fefa425cc,False
file_0707.txt,1002,823a2e34f63c5d5f30a27733976df5a1ab57feaab505f40d95d3dd3fefa425cc,False
file_0708.txt,1002,823a2e34f63c5d5f30a27733976df5a1ab57feaab505f40d95d3dd3fefa425cc,False
file_0709.txt,1002,823a2e34f63c5d5f30a27733976df5a1ab57feaab505f40d95d3dd3fefa425cc,False
file_0710.txt,1002,823a2e34f63c5d5f30a27733976df5a1ab57feaab505f40d95d3dd3fefa425cc,False
file_0711.txt,1002,823a2e34f63c5d5f30a27733976df5a1ab57feaab505f40d95d3dd3fefa425cc,False
file_0712.txt,1002,823a2e34f63c5d5f30a27733976df5a1ab57feaab505f40d95d3dd3fefa425cc,False
file_0713.txt,1002,823a2e34f63c5d5f30a27733976df5a1ab57feaab505f40d95d3dd3fefa425cc,False
file_0714.txt,1002,823a2e34f63c5d5f30a27733976df5a1ab57feaab505f40d95d3dd3fefa425cc,False
file_0715.txt,1002,823a2e34f63c5d5f30a27733976df5a1ab57feaab505f40d95d3dd3fefa425cc,False
file_0716.txt,1002,823a2e34f63c5d5f30a27733976df5a1ab57feaab505f40d95d3dd3fefa425cc,False
file_0717.txt,1002,823a2e34f63c5d5f30a27733976df5a1ab57feaab505f40d95d3dd3fefa425cc,False
file_0718.txt,1002,823a2e34f63c5d5f30a27733976df5a1ab57feaab505f40d95d3dd3fefa425cc,False
file_0719.txt,1002,823a2e34f63c5d5f30a27733976df5a1ab57feaab505f40d95d3dd3fefa425cc,False
file_0720.txt,1002,823a2e34f63c5d5f30a27733976df5a1ab57feaab505f40d95d3dd3fefa425cc,False
file_0721.txt,1002,823a2e34f63c5d5f30a27733976df5a1ab57feaab505f40d95d3dd3fefa425cc,False
file_0722.txt,1002,823a2e34f63c5d5f30a27733976df5a1ab57feaab505f40d95d3dd3fefa425cc,False
file_0723.txt,1002,823a2e34f63c5d5f30a27733976df5a1ab57feaab505f40d95d3dd3fefa425cc,False
file_0724.txt,1002,823a2e34f63c5d5f30a27733976df5a1ab57feaab505f40d95d3dd3fefa425cc,False
file_0725.txt,1002,823a2e34f63c5d5f30a27733976df5a1ab57feaab505f40d95d3dd3fefa425cc,False
file_0726.txt,1002,823a2e34f63c5d5f30a27733976df5a1ab57feaab505f40d95d3dd3fefa425cc,False
file_0727.txt,1002,823a2e34f63c5d5f30a27733976df5a1ab57feaab505f40d95d3dd3fefa425cc,False
file_0728.txt,1002,823a2e34f63c5d5f30a27733976df5a1ab57feaab505f40d95d3dd3fefa425cc,False
file_0729.txt,1002,823a2e34f63c5d5f30a27733976df5a1ab57feaab505f40d95d3dd3fefa425cc,False
file_0730.txt,1002,823a2e34f63c5d5f30a27733976df5a1ab57feaab505f40d95d3dd3fefa425cc,False
file_0731.txt,1002,823a2e34f63c5d5f30a27733976df5a1ab57feaab505f40d95d3dd3fefa425cc,False
file_0732.txt,1002,823a2e34f63c5d5f30a27733976df5a1ab57feaab505f40d95d3dd3fefa425cc,False
file_0733.txt,1002,823a2e34f63c5d5f30a27733976df5a1ab57feaab505f40d95d3dd3fefa425cc,False
file_0734.txt,1002,823a2e34f63c5d5f30a27733976df5a1ab57feaab505f40d95d3dd3fefa425cc,False
file_0735.txt,1002,823a2e34f63c5d5f30a27733976df5a1ab57feaab505f40d95d3dd3fefa425cc,False
file_0736.txt,1002,823a2e34f63c5d5f30a27733976df5a1ab57feaab505f40d95d3dd3fefa425cc,False
file_0737.txt,1002,823a2e34f63c5d5f30a27733976df5a1ab57feaab505f40d95d3dd3fefa425cc,False
file_0738.txt,1002,823a2e34f63c5d5f30a27733976df5a1ab57feaab505f40d95d3dd3fefa425cc,False
file_0739.txt,1002,823a2e34f63c5d5f30a27733976df5a1ab57feaab505f40d95d3dd3fefa425cc,False
file_0740.txt,1002,823a2e34f63c5d5f30a27733976df5a1ab57feaab505f40d95d3dd3fefa425cc,False
file_0741.txt,1002,823a2e34f63c5d5f30a27733976df5a1ab57feaab505f40d95d3dd3fefa425cc,False
file_0742.txt,1002,823a2e34f63c5d5f30a27733976df5a1ab57feaab505f40d95d3dd3fefa425cc,False
file_0743.txt,1002,823a2e34f63c5d5f30a27733976df5a1ab57feaab505f40d95d3dd3fefa425cc,False
file_0744.txt,1002,823a2e34f63c5d5f30a27733976df5a1ab57feaab505f40d95d3dd3fefa425cc,False
file_0745.txt,1002,823a2e34f63c5d5f30a27733976df5a1ab57feaab505f40d95d3dd3fefa425cc,False
file_0746.txt,1002,823a2e34f63c5d5f30a27733976df5a1ab57feaab505f40d95d3dd3fefa425cc,False
file_0747.txt,1002,823a2e34f63c5d5f30a27733976df5a1ab57feaab505f40d95d3dd3fefa425cc,False
file_0748.txt,1002,823a2e34f63c5d5f30a27733976df5a1ab57feaab505f40d95d3dd3fefa425cc,False
file_0749.txt,1002,823a2e34f63c5d5f30a27733976df5a1ab57feaab505f40d95d3dd3fefa425cc,False
file_0750.txt,1002,823a2e34f63c5d5f30a27733976df5a1ab57feaab505f40d95d3dd3fefa425cc,False
file_0751.txt,1002,823a2e34f63c5d5f30a27733976df5a1ab57feaab505f40d95d3dd3fefa425cc,False
file_0752.txt,1002,823a2e34f63c5d5f30a27733976df5a1ab57feaab505f40d95d3dd3fefa425cc,False
file_0753.txt,1002,823a2e34f63c5d5f30a27733976df5a1ab57feaab505f40d95d3dd3fefa425cc,False
file_0754.txt,1002,823a2e34f63c5d5f30a27733976df5a1ab57feaab505f40d95d3dd3fefa425cc,False
file_0755.txt,1002,823a2e34f63c5d5f30a27733976df5a1ab57feaab505f40d95d3dd3fefa425cc,False
file_0756.txt,1002,823a2e34f63c5d5f30a27733976df5a1ab57feaab505f40d95d3dd3fefa425cc,False
file_0757.txt,1002,823a2e34f63c5d5f30a27733976df5a1ab57feaab505f40d95d3dd3fefa425cc,False
file_0758.txt,1002,823a2e34f63c5d5f30a27733976df5a1ab57feaab505f40d95d3dd3fefa425cc,False
file_0759.txt,1002,823a2e34f63c5d5f30a27733976df5a1ab57feaab505f40d95d3dd3fefa425cc,False
file_0760.txt,1002,823a2e34f63c5d5f30a27733976df5a1ab57feaab505f40d95d3dd3fefa425cc,False
file_0761.txt,1002,823a2e34f63c5d5f30a27733976df5a1ab57feaab505f40d95d3dd3fefa425cc,False
file_0762.txt,1002,823a2e34f63c5d5f30a27733976df5a1ab57feaab505f40d95d3dd3fefa425cc,False
file_0763.txt,1002,823a2e34f63c5d5f30a27733976df5a1ab57feaab505f40d95d3dd3fefa425cc,False
file_0764.txt,1002,823a2e34f63c5d5f30a27733976df5a1ab57feaab505f40d95d3dd3fefa425cc,False
file_0765.txt,1002,823a2e34f63c5d5f30a27733976df5a1ab57feaab505f40d95d3dd3fefa425cc,False
file_0766.txt,1002,823a2e34f63c5d5f30a27733976df5a1ab57feaab505f40d95d3dd3fefa425cc,False
file_0767.txt,1002,823a2e34f63c5d5f30a27733976df5a1ab57feaab505f40d95d3dd3fefa425cc,False
file_0768.txt,1002,823a2e34f63c5d5f30a27733976df5a1ab57feaab505f40d95d3dd3fefa425cc,False
file_0769.txt,1002,823a2e34f63c5d5f30a27733976df5a1ab57feaab505f40d95d3dd3fefa425cc,False
file_0770.txt,1002,823a2e34f63c5d5f30a27733976df5a1ab57feaab505f40d95d3dd3fefa425cc,False
file_0771.txt,1002,823a2e34f63c5d5f30a27733976df5a1ab57feaab505f40d95d3dd3fefa425cc,False
file_0772.txt,1002,823a2e34f63c5d5f30a27733976df5a1ab57feaab505f40d95d3dd3fefa425cc,False
file_0773.txt,1002,823a2e34f63c5d5f30a27733976df5a1ab57feaab505f40d95d3dd3fefa425cc,False
file_0774.txt,1002,823a2e34f63c5d5f30a27733976df5a1ab57feaab505f40d95d3dd3fefa425cc,False
file_0775.txt,1002,823a2e34f63c5d5f30a27733976df5a1ab57feaab505f40d95d3dd3fefa425cc,False
file_0776.txt,1002,823a2e34f63c5d5f30a27733976df5a1ab57feaab505f40d95d3dd3fefa425cc,False
file_0777.txt,1002,823a2e34f63c5d5f30a27733976df5a1ab57feaab505f40d95d3dd3fefa425cc,False
file_0778.txt,1002,823a2e34f63c5d5f30a27733976df5a1ab57feaab505f40d95d3dd3fefa425cc,False
file_0779.txt,1002,823a2e34f63c5d5f30a27733976df5a1ab57feaab505f40d95d3dd3fefa425cc,False
file_0780.txt,1002,823a2e34f63c5d5f30a27733976df5a1ab57feaab505f40d95d3dd3fefa425cc,False
file_0781.txt,1002,823a2e34f63c5d5f30a27733976df5a1ab57feaab505f40d95d3dd3fefa425cc,False
file_0782.txt,1002,823a2e34f63c5d5f30a27733976df5a1ab57feaab505f40d95d3dd3fefa425cc,False
file_0783.txt,1002,823a2e34f63c5d5f30a27733976df5a1ab57feaab505f40d95d3dd3fefa425cc,False
file_0784.txt,1002,823a2e34f63c5d5f30a27733976df5a1ab57feaab505f40d95d3dd3fefa425cc,False
file_0785.txt,1002,823a2e34f63c5d5f30a27733976df5a1ab57feaab505f40d95d3dd3fefa425cc,False
file_0786.txt,1002,823a2e34f63c5d5f30a27733976df5a1ab57feaab505f40d95d3dd3fefa425cc,False
file_0787.txt,1002,823a2e34f63c5d5f30a27733976df5a1ab57feaab505f40d95d3dd3fefa425cc,False
file_0788.txt,1002,823a2e34f63c5d5f30a27733976df5a1ab57feaab505f40d95d3dd3fefa425cc,False
file_0789.txt,1002,823a2e34f63c5d5f30a27733976df5a1ab57feaab505f40d95d3dd3fefa425cc,False
file_0790.txt,1002,823a2e34f63c5d5f30a27733976df5a1ab57feaab505f40d95d3dd3fefa425cc,False
file_0791.txt,1002,823a2e34f63c5d5f30a27733976df5a1ab57feaab505f40d95d3dd3fefa425cc,False
file_0792.txt,1002,823a2e34f63c5d5f30a27733976df5a1ab57feaab505f40d95d3dd3fefa425cc,False
file_0793.txt,1002,823a2e34f63c5d5f30a27733976df5a1ab57feaab505f40d95d3dd3fefa425cc,False
file_0794.txt,1002,823a2e34f63c5d5f30a27733976df5a1ab57feaab505f40d95d3dd3fefa425cc,False
file_0795.txt,1002,823a2e34f63c5d5f30a27733976df5a1ab57feaab505f40d95d3dd3fefa425cc,False
file_0796.txt,1002,823a2e34f63c5d5f30a27733976df5a1ab57feaab505f40d95d3dd3fefa425cc,False
file_0797.txt,1002,823a2e34f63c5d5f30a27733976df5a1ab57feaab505f40d95d3dd3fefa425cc,False
file_0798.txt,1002,823a2e34f63c5d5f30a27733976df5a1ab57feaab505f40d95d3dd3fefa425cc,False
file_0799.txt,1002,823a2e34f63c5d5f30a27733976df5a1ab57feaab505f40d95d3dd3fefa425cc,False
file_0800.txt,1002,823a2e34f63c5d5f30a27733976df5a1ab57feaab505f40d95d3dd3fefa425cc,False
file_0801.txt,1002,823a2e34f63c5d5f30a27733976df5a1ab57feaab505f40d95d3dd3fefa425cc,False
file_0802.txt,1002,823a2e34f63c5d5f30a27733976df5a1ab57feaab505f40d95d3dd3fefa425cc,False
file_0803.txt,1002,823a2e34f63c5d5f30a27733976df5a1ab57feaab505f40d95d3dd3fefa425cc,False
file_0804.txt,1002,823a2e34f63c5d5f30a27733976df5a1ab57feaab505f40d95d3dd3fefa425cc,False
file_0805.txt,1002,823a2e34f63c5d5f30a27733976df5a1ab57feaab505f40d95d3dd3fefa425cc,False
file_0806.txt,1002,823a2e34f63c5d5f30a27733976df5a1ab57feaab505f40d95d3dd3fefa425cc,False
file_0807.txt,1002,823a2e34f63c5d5f30a27733976df5a1ab57feaab505f40d95d3dd3fefa425cc,False
file_0808.txt,1002,823a2e34f63c5d5f30a27733976df5a1ab57feaab505f40d95d3dd3fefa425cc,False
file_0809.txt,1002,823a2e34f63c5d5f30a27733976df5a1ab57feaab505f40d95d3dd3fefa425cc,False
file_0810.txt,1002,823a2e34f63c5d5f30a27733976df5a1ab57feaab505f40d95d3dd3fefa425cc,False
file_0811.txt,1002,823a2e34f63c5d5f30a27733976df5a1ab57feaab505f40d95d3dd3fefa425cc,False
file_0812.txt,1002,823a2e34f63c5d5f30a27733976df5a1ab57feaab505f40d95d3dd3fefa425cc,False
file_0813.txt,1002,823a2e34f63c5d5f30a27733976df5a1ab57feaab505f40d95d3dd3fefa425cc,False
file_0814.txt,1002,823a2e34f63c5d5f30a27733976df5a1ab57feaab505f40d95d3dd3fefa425cc,False
file_0815.txt,1002,823a2e34f63c5d5f30a27733976df5a1ab57feaab505f40d95d3dd3fefa425cc,False
file_0816.txt,1002,823a2e34f63c5d5f30a27733976df5a1ab57feaab505f40d95d3dd3fefa425cc,False
file_0817.txt,1002,823a2e34f63c5d5f30a27733976df5a1ab57feaab505f40d95d3dd3fefa425cc,False
file_0818.txt,1002,823a2e34f63c5d5f30a27733976df5a1ab57feaab505f40d95d3dd3fefa425cc,False
file_0819.txt,1002,823a2e34f63c5d5f30a27733976df5a1ab57feaab505f40d95d3dd3fefa425cc,False
file_0820.txt,1002,823a2e34f63c5d5f30a27733976df5a1ab57feaab505f40d95d3dd3fefa425cc,False
file_0821.txt,1002,823a2e34f63c5d5f30a27733976df5a1ab57feaab505f40d95d3dd3fefa425cc,False
file_0822.txt,1002,823a2e34f63c5d5f30a27733976df5a1ab57feaab505f40d95d3dd3fefa425cc,False
file_0823.txt,1002,823a2e34f63c5d5f30a27733976df5a1ab57feaab505f40d95d3dd3fefa425cc,False
file_0824.txt,1002,823a2e34f63c5d5f30a27733976df5a1ab57feaab505f40d95d3dd3fefa425cc,False
file_0825.txt,1002,823a2e34f63c5d5f30a27733976df5a1ab57feaab505f40d95d3dd3fefa425cc,False
file_0826.txt,1002,823a2e34f63c5d5f30a27733976df5a1ab57feaab505f40d95d3dd3fefa425cc,False
file_0827.txt,1002,823a2e34f63c5d5f30a27733976df5a1ab57feaab505f40d95d3dd3fefa425cc,False
file_0828.txt,1002,823a2e34f63c5d5f30a27733976df5a1ab57feaab505f40d95d3dd3fefa425cc,False
file_0829.txt,1002,823a2e34f63c5d5f30a27733976df5a1ab57feaab505f40d95d3dd3fefa425cc,False
file_0830.txt,1002,823a2e34f63c5d5f30a27733976df5a1ab57feaab505f40d95d3dd3fefa425cc,False
file_0831.txt,1002,823a2e34f63c5d5f30a27733976df5a1ab57feaab505f40d95d3dd3fefa425cc,False
file_0832.txt,1002,823a2e34f63c5d5f30a27733976df5a1ab57feaab505f40d95d3dd3fefa425cc,False
file_0833.txt,1002,823a2e34f63c5d5f30a27733976df5a1ab57feaab505f40d95d3dd3fefa425cc,False
file_0834.txt,1002,823a2e34f63c5d5f30a27733976df5a1ab57feaab505f40d95d3dd3fefa425cc,False
file_0835.txt,1002,823a2e34f63c5d5f30a27733976df5a1ab57feaab505f40d95d3dd3fefa425cc,False
file_0836.txt,1002,823a2e34f63c5d5f30a27733976df5a1ab57feaab505f40d95d3dd3fefa425cc,False
file_0837.txt,1002,823a2e34f63c5d5f30a27733976df5a1ab57feaab505f40d95d3dd3fefa425cc,False
file_0838.txt,1002,823a2e34f63c5d5f30a27733976df5a1ab57feaab505f40d95d3dd3fefa425cc,False
file_0839.txt,1002,823a2e34f63c5d5f30a27733976df5a1ab57feaab505f40d95d3dd3fefa425cc,False
file_0840.txt,1002,823a2e34f63c5d5f30a27733976df5a1ab57feaab505f40d95d3dd3fefa425cc,False
file_0841.txt,1002,823a2e34f63c5d5f30a27733976df5a1ab57feaab505f40d95d3dd3fefa425cc,False
file_0842.txt,1002,823a2e34f63c5d5f30a27733976df5a1ab57feaab505f40d95d3dd3fefa425cc,False
file_0843.txt,1002,823a2e34f63c5d5f30a27733976df5a1ab57feaab505f40d95d3dd3fefa425cc,False
file_0844.txt,1002,823a2e34f63c5d5f30a27733976df5a1ab57feaab505f40d95d3dd3fefa425cc,False
file_0845.txt,1002,823a2e34f63c5d5f30a27733976df5a1ab57feaab505f40d95d3dd3fefa425cc,False
file_0846.txt,1002,823a2e34f63c5d5f30a27733976df5a1ab57feaab505f40d95d3dd3fefa425cc,False
file_0847.txt,1002,823a2e34f63c5d5f30a27733976df5a1ab57feaab505f40d95d3dd3fefa425cc,False
file_0848.txt,1002,823a2e34f63c5d5f30a27733976df5a1ab57feaab505f40d95d3dd3fefa425cc,False
file_0849.txt,1002,823a2e34f63c5d5f30a27733976df5a1ab57feaab505f40d95d3dd3fefa425cc,False
file_0850.txt,1002,823a2e34f63c5d5f30a27733976df5a1ab57feaab505f40d95d3dd3fefa425cc,False
file_0851.txt,1002,823a2e34f63c5d5f30a27733976df5a1ab57feaab505f40d95d3dd3fefa425cc,False
file_0852.txt,1002,823a2e34f63c5d5f30a27733976df5a1ab57feaab505f40d95d3dd3fefa425cc,False
file_0853.txt,1002,823a2e34f63c5d5f30a27733976df5a1ab57feaab505f40d95d3dd3fefa425cc,False
file_0854.txt,1002,823a2e34f63c5d5f30a27733976df5a1ab57feaab505f40d95d3dd3fefa425cc,False
file_0855.txt,1002,823a2e34f63c5d5f30a27733976df5a1ab57feaab505f40d95d3dd3fefa425cc,False
file_0856.txt,1002,823a2e34f63c5d5f30a27733976df5a1ab57feaab505f40d95d3dd3fefa425cc,False
file_0857.txt,1002,823a2e34f63c5d5f30a27733976df5a1ab57feaab505f40d95d3dd3fefa425cc,False
file_0858.txt,1002,823a2e34f63c5d5f30a27733976df5a1ab57feaab505f40d95d3dd3fefa425cc,False
file_0859.txt,1002,823a2e34f63c5d5f30a27733976df5a1ab57feaab505f40d95d3dd3fefa425cc,False
file_0860.txt,1002,823a2e34f63c5d5f30a27733976df5a1ab57feaab505f40d95d3dd3fefa425cc,False
file_0861.txt,1002,823a2e34f63c5d5f30a27733976df5a1ab57feaab505f40d95d3dd3fefa425cc,False
file_0862.txt,1002,823a2e34f63c5d5f30a27733976df5a1ab57feaab505f40d95d3dd3fefa425cc,False
file_0863.txt,1002,823a2e34f63c5d5f30a27733976df5a1ab57feaab505f40d95d3dd3fefa425cc,False
file_0864.txt,1002,823a2e34f63c5d5f30a27733976df5a1ab57feaab505f40d95d3dd3fefa425cc,False
file_0865.txt,1002,823a2e34f63c5d5f30a27733976df5a1ab57feaab505f40d95d3dd3fefa425cc,False
file_0866.txt,1002,823a2e34f63c5d5f30a27733976df5a1ab57feaab505f40d95d3dd3fefa425cc,False
file_0867.txt,1002,823a2e34f63c5d5f30a27733976df5a1ab57feaab505f40d95d3dd3fefa425cc,False
file_0868.txt,1002,823a2e34f63c5d5f30a27733976df5a1ab57feaab505f40d95d3dd3fefa425cc,False
file_0869.txt,1002,823a2e34f63c5d5f30a27733976df5a1ab57feaab505f40d95d3dd3fefa425cc,False
file_0870.txt,1002,823a2e34f63c5d5f30a27733976df5a1ab57feaab505f40d95d3dd3fefa425cc,False
file_0871.txt,1002,823a2e34f63c5d5f30a27733976df5a1ab57feaab505f40d95d3dd3fefa425cc,False
file_0872.txt,1002,823a2e34f63c5d5f30a27733976df5a1ab57feaab505f40d95d3dd3fefa425cc,False
file_0873.txt,1002,823a2e34f63c5d5f30a27733976df5a1ab57feaab505f40d95d3dd3fefa425cc,False
file_0874.txt,1002,823a2e34f63c5d5f30a27733976df5a1ab57feaab505f40d95d3dd3fefa425cc,False
file_0875.txt,1002,823a2e34f63c5d5f30a27733976df5a1ab57feaab505f40d95d3dd3fefa425cc,False
file_0876.txt,1002,823a2e34f63c5d5f30a27733976df5a1ab57feaab505f40d95d3dd3fefa425cc,False
file_0877.txt,1002,823a2e34f63c5d5f30a27733976df5a1ab57feaab505f40d95d3dd3fefa425cc,False
file_0878.txt,1002,823a2e34f63c5d5f30a27733976df5a1ab57feaab505f40d95d3dd3fefa425cc,False
file_0879.txt,1002,823a2e34f63c5d5f30a27733976df5a1ab57feaab505f40d95d3dd3fefa425cc,False
file_0880.txt,1002,823a2e34f63c5d5f30a27733976df5a1ab57feaab505f40d95d3dd3fefa425cc,False
file_0881.txt,1002,823a2e34f63c5d5f30a27733976df5a1ab57feaab505f40d95d3dd3fefa425cc,False
file_0882.txt,1002,823a2e34f63c5d5f30a27733976df5a1ab57feaab505f40d95d3dd3fefa425cc,False
file_0883.txt,1002,823a2e34f63c5d5f30a27733976df5a1ab57feaab505f40d95d3dd3fefa425cc,False
file_0884.txt,1002,823a2e34f63c5d5f30a27733976df5a1ab57feaab505f40d95d3dd3fefa425cc,False
file_0885.txt,1002,823a2e34f63c5d5f30a27733976df5a1ab57feaab505f40d95d3dd3fefa425cc,False
file_0886.txt,1002,823a2e34f63c5d5f30a27733976df5a1ab57feaab505f40d95d3dd3fefa425cc,False
file_0887.txt,1002,823a2e34f63c5d5f30a27733976df5a1ab57feaab505f40d95d3dd3fefa425cc,False
file_0888.txt,1002,823a2e34f63c5d5f30a27733976df5a1ab57feaab505f40d95d3dd3fefa425cc,False
file_0889.txt,1002,823a2e34f63c5d5f30a27733976df5a1ab57feaab505f40d95d3dd3fefa425cc,False
file_0890.txt,1002,823a2e34f63c5d5f30a27733976df5a1ab57feaab505f40d95d3dd3fefa425cc,False
file_0891.txt,1002,823a2e34f63c5d5f30a27733976df5a1ab57feaab505f40d95d3dd3fefa425cc,False
file_0892.txt,1002,823a2e34f63c5d5f30a27733976df5a1ab57feaab505f40d95d3dd3fefa425cc,False
file_0893.txt,1002,823a2e34f63c5d5f30a27733976df5a1ab57feaab505f40d95d3dd3fefa425cc,False
file_0894.txt,1002,823a2e34f63c5d5f30a27733976df5a1ab57feaab505f40d95d3dd3fefa425cc,False
file_0895.txt,1002,823a2e34f63c5d5f30a27733976df5a1ab57feaab505f40d95d3dd3fefa425cc,False
file_0896.txt,1002,823a2e34f63c5d5f30a27733976df5a1ab57feaab505f40d95d3dd3fefa425cc,False
file_0897.txt,1002,823a2e34f63c5d5f30a27733976df5a1ab57feaab505f40d95d3dd3fefa425cc,False
file_0898.txt,1002,823a2e34f63c5d5f30a27733976df5a1ab57feaab505f40d95d3dd3fefa425cc,False
file_0899.txt,1002,823a2e34f63c5d5f30a27733976df5a1ab57feaab505f40d95d3dd3fefa425cc,False
file_0900.txt,1002,823a2e34f63c5d5f30a27733976df5a1ab57feaab505f40d95d3dd3fefa425cc,False
file_0901.txt,1002,823a2e34f63c5d5f30a27733976df5a1ab57feaab505f40d95d3dd3fefa425cc,False
file_0902.txt,1002,823a2e34f63c5d5f30a27733976df5a1ab57feaab505f40d95d3dd3fefa425cc,False
file_0903.txt,1002,823a2e34f63c5d5f30a27733976df5a1ab57feaab505f40d95d3dd3fefa425cc,False
file_0904.txt,1002,823a2e34f63c5d5f30a27733976df5a1ab57feaab505f40d95d3dd3fefa425cc,False
file_0905.txt,1002,823a2e34f63c5d5f30a27733976df5a1ab57feaab505f40d95d3dd3fefa425cc,False
file_0906.txt,1002,823a2e34f63c5d5f30a27733976df5a1ab57feaab505f40d95d3dd3fefa425cc,False
file_0907.txt,1002,823a2e34f63c5d5f30a27733976df5a1ab57feaab505f40d95d3dd3fefa425cc,False
file_0908.txt,1002,823a2e34f63c5d5f30a27733976df5a1ab57feaab505f40d95d3dd3fefa425cc,False
file_0909.txt,1002,823a2e34f63c5d5f30a27733976df5a1ab57feaab505f40d95d3dd3fefa425cc,False
file_0910.txt,1002,823a2e34f63c5d5f30a27733976df5a1ab57feaab505f40d95d3dd3fefa425cc,False
file_0911.txt,1002,823a2e34f63c5d5f30a27733976df5a1ab57feaab505f40d95d3dd3fefa425cc,False
file_0912.txt,1002,823a2e34f63c5d5f30a27733976df5a1ab57feaab505f40d95d3dd3fefa425cc,False
file_0913.txt,1002,823a2e34f63c5d5f30a27733976df5a1ab57feaab505f40d95d3dd3fefa425cc,False
file_0914.txt,1002,823a2e34f63c5d5f30a27733976df5a1ab57feaab505f40d95d3dd3fefa425cc,False
file_0915.txt,1002,823a2e34f63c5d5f30a27733976df5a1ab57feaab505f40d95d3dd3fefa425cc,False
file_0916.txt,1002,823a2e34f63c5d5f30a27733976df5a1ab57feaab505f40d95d3dd3fefa425cc,False
file_0917.txt,1002,823a2e34f63c5d5f30a27733976df5a1ab57feaab505f40d95d3dd3fefa425cc,False
file_0918.txt,1002,823a2e34f63c5d5f30a27733976df5a1ab57feaab505f40d95d3dd3fefa425cc,False
file_0919.txt,1002,823a2e34f63c5d5f30a27733976df5a1ab57feaab505f40d95d3dd3fefa425cc,False
file_0920.txt,1002,823a2e34f63c5d5f30a27733976df5a1ab57feaab505f40d95d3dd3fefa425cc,False
file_0921.txt,1002,823a2e34f63c5d5f30a27733976df5a1ab57feaab505f40d95d3dd3fefa425cc,False
file_0922.txt,1002,823a2e34f63c5d5f30a27733976df5a1ab57feaab505f40d95d3dd3fefa425cc,False
file_0923.txt,1002,823a2e34f63c5d5f30a27733976df5a1ab57feaab505f40d95d3dd3fefa425cc,False
file_0924.txt,1002,823a2e34f63c5d5f30a27733976df5a1ab57feaab505f40d95d3dd3fefa425cc,False
file_0925.txt,1002,823a2e34f63c5d5f30a27733976df5a1ab57feaab505f40d95d3dd3fefa425cc,False
file_0926.txt,1002,823a2e34f63c5d5f30a27733976df5a1ab57feaab505f40d95d3dd3fefa425cc,False
file_0927.txt,1002,823a2e34f63c5d5f30a27733976df5a1ab57feaab505f40d95d3dd3fefa425cc,False
file_0928.txt,1002,823a2e34f63c5d5f30a27733976df5a1ab57feaab505f40d95d3dd3fefa425cc,False
file_0929.txt,1002,823a2e34f63c5d5f30a27733976df5a1ab57feaab505f40d95d3dd3fefa425cc,False
file_0930.txt,1002,823a2e34f63c5d5f30a27733976df5a1ab57feaab505f40d95d3dd3fefa425cc,False
file_0931.txt,1002,823a2e34f63c5d5f30a27733976df5a1ab57feaab505f40d95d3dd3fefa425cc,False
file_0932.txt,1002,823a2e34f63c5d5f30a27733976df5a1ab57feaab505f40d95d3dd3fefa425cc,False
file_0933.txt,1002,823a2e34f63c5d5f30a27733976df5a1ab57feaab505f40d95d3dd3fefa425cc,False
file_0934.txt,1002,823a2e34f63c5d5f30a27733976df5a1ab57feaab505f40d95d3dd3fefa425cc,False
file_0935.txt,1002,823a2e34f63c5d5f30a27733976df5a1ab57feaab505f40d95d3dd3fefa425cc,False
file_0936.txt,1002,823a2e34f63c5d5f30a27733976df5a1ab57feaab505f40d95d3dd3fefa425cc,False
file_0937.txt,1002,823a2e34f63c5d5f30a27733976df5a1ab57feaab505f40d95d3dd3fefa425cc,False
file_0938.txt,1002,823a2e34f63c5d5f30a27733976df5a1ab57feaab505f40d95d3dd3fefa425cc,False
file_0939.txt,1002,823a2e34f63c5d5f30a27733976df5a1ab57feaab505f40d95d3dd3fefa425cc,False
file_0940.txt,1002,823a2e34f63c5d5f30a27733976df5a1ab57feaab505f40d95d3dd3fefa425cc,False
file_0941.txt,1002,823a2e34f63c5d5f30a27733976df5a1ab57feaab505f40d95d3dd3fefa425cc,False
file_0942.txt,1002,823a2e34f63c5d5f30a27733976df5a1ab57feaab505f40d95d3dd3fefa425cc,False
file_0943.txt,1002,823a2e34f63c5d5f30a27733976df5a1ab57feaab505f40d95d3dd3fefa425cc,False
file_0944.txt,1002,823a2e34f63c5d5f30a27733976df5a1ab57feaab505f40d95d3dd3fefa425cc,False
file_0945.txt,1002,823a2e34f63c5d5f30a27733976df5a1ab57feaab505f40d95d3dd3fefa425cc,False
file_0946.txt,1002,823a2e34f63c5d5f30a27733976df5a1ab57feaab505f40d95d3dd3fefa425cc,False
file_0947.txt,1002,823a2e34f63c5d5f30a27733976df5a1ab57feaab505f40d95d3dd3fefa425cc,False
file_0948.txt,1002,823a2e34f63c5d5f30a27733976df5a1ab57feaab505f40d95d3dd3fefa425cc,False
file_0949.txt,1002,823a2e34f63c5d5f30a27733976df5a1ab57feaab505f40d95d3dd3fefa425cc,False
file_0950.txt,1002,823a2e34f63c5d5f30a27733976df5a1ab57feaab505f40d95d3dd3fefa425cc,False
file_0951.txt,1002,823a2e34f63c5d5f30a27733976df5a1ab57feaab505f40d95d3dd3fefa425cc,False
file_0952.txt,1002,823a2e34f63c5d5f30a27733976df5a1ab57feaab505f40d95d3dd3fefa425cc,False
file_0953.txt,1002,823a2e34f63c5d5f30a27733976df5a1ab57feaab505f40d95d3dd3fefa425cc,False
file_0954.txt,1002,823a2e34f63c5d5f30a27733976df5a1ab57feaab505f40d95d3dd3fefa425cc,False
file_0955.txt,1002,823a2e34f63c5d5f30a27733976df5a1ab57feaab505f40d95d3dd3fefa425cc,False
file_0956.txt,1002,823a2e34f63c5d5f30a27733976df5a1ab57feaab505f40d95d3dd3fefa425cc,False
file_0957.txt,1002,823a2e34f63c5d5f30a27733976df5a1ab57feaab505f40d95d3dd3fefa425cc,False
file_0958.txt,1002,823a2e34f63c5d5f30a27733976df5a1ab57feaab505f40d95d3dd3fefa425cc,False
file_0959.txt,1002,823a2e34f63c5d5f30a27733976df5a1ab57feaab505f40d95d3dd3fefa425cc,False
file_0960.txt,1002,823a2e34f63c5d5f30a27733976df5a1ab57feaab505f40d95d3dd3fefa425cc,False
file_0961.txt,1002,823a2e34f63c5d5f30a27733976df5a1ab57feaab505f40d95d3dd3fefa425cc,False
file_0962.txt,1002,823a2e34f63c5d5f30a27733976df5a1ab57feaab505f40d95d3dd3fefa425cc,False
file_0963.txt,1002,823a2e34f63c5d5f30a27733976df5a1ab57feaab505f40d95d3dd3fefa425cc,False
file_0964.txt,1002,823a2e34f63c5d5f30a27733976df5a1ab57feaab505f40d95d3dd3fefa425cc,False
file_0965.txt,1002,823a2e34f63c5d5f30a27733976df5a1ab57feaab505f40d95d3dd3fefa425cc,False
file_0966.txt,1002,823a2e34f63c5d5f30a27733976df5a1ab57feaab505f40d95d3dd3fefa425cc,False
file_0967.txt,1002,823a2e34f63c5d5f30a27733976df5a1ab57feaab505f40d95d3dd3fefa425cc,False
file_0968.txt,1002,823a2e34f63c5d5f30a27733976df5a1ab57feaab505f40d95d3dd3fefa425cc,False
file_0969.txt,1002,823a2e34f63c5d5f30a27733976df5a1ab57feaab505f40d95d3dd3fefa425cc,False
file_0970.txt,1002,823a2e34f63c5d5f30a27733976df5a1ab57feaab505f40d95d3dd3fefa425cc,False
file_0971.txt,1002,823a2e34f63c5d5f30a27733976df5a1ab57feaab505f40d95d3dd3fefa425cc,False
file_0972.txt,1002,823a2e34f63c5d5f30a27733976df5a1ab57feaab505f40d95d3dd3fefa425cc,False
file_0973.txt,1002,823a2e34f63c5d5f30a27733976df5a1ab57feaab505f40d95d3dd3fefa425cc,False
file_0974.txt,1002,823a2e34f63c5d5f30a27733976df5a1ab57feaab505f40d95d3dd3fefa425cc,False
file_0975.txt,1002,823a2e34f63c5d5f30a27733976df5a1ab57feaab505f40d95d3dd3fefa425cc,False
file_0976.txt,1002,823a2e34f63c5d5f30a27733976df5a1ab57feaab505f40d95d3dd3fefa425cc,False
file_0977.txt,1002,823a2e34f63c5d5f30a27733976df5a1ab57feaab505f40d95d3dd3fefa425cc,False
file_0978.txt,1002,823a2e34f63c5d5f30a27733976df5a1ab57feaab505f40d95d3dd3fefa425cc,False
file_0979.txt,1002,823a2e34f63c5d5f30a27733976df5a1ab57feaab505f40d95d3dd3fefa425cc,False
file_0980.txt,1002,823a2e34f63c5d5f30a27733976df5a1ab57feaab505f40d95d3dd3fefa425cc,False
file_0981.txt,1002,823a2e34f63c5d5f30a27733976df5a1ab57feaab505f40d95d3dd3fefa425cc,False
file_0982.txt,1002,823a2e34f63c5d5f30a27733976df5a1ab57feaab505f40d95d3dd3fefa425cc,False
file_0983.txt,1002,823a2e34f63c5d5f30a27733976df5a1ab57feaab505f40d95d3dd3fefa425cc,False
file_0984.txt,1002,823a2e34f63c5d5f30a27733976df5a1ab57feaab505f40d95d3dd3fefa425cc,False
file_0985.txt,1002,823a2e34f63c5d5f30a27733976df5a1ab57feaab505f40d95d3dd3fefa425cc,False
file_0986.txt,1002,823a2e34f63c5d5f30a27733976df5a1ab57feaab505f40d95d3dd3fefa425cc,False
file_0987.txt,1002,823a2e34f63c5d5f30a27733976df5a1ab57feaab505f40d95d3dd3fefa425cc,False
file_0988.txt,1002,823a2e34f63c5d5f30a27733976df5a1ab57feaab505f40d95d3dd3fefa425cc,False
file_0989.txt,1002,823a2e34f63c5d5f30a27733976df5a1ab57feaab505f40d95d3dd3fefa425cc,False
file_0990.txt,1002,823a2e34f63c5d5f30a27733976df5a1ab57feaab505f40d95d3dd3fefa425cc,False
file_0991.txt,1002,823a2e34f63c5d5f30a27733976df5a1ab57feaab505f40d95d3dd3fefa425cc,False
file_0992.txt,1002,823a2e34f63c5d5f30a27733976df5a1ab57feaab505f40d95d3dd3fefa425cc,False
file_0993.txt,1002,823a2e34f63c5d5f30a27733976df5a1ab57feaab505f40d95d3dd3fefa425cc,False
file_0994.txt,1002,823a2e34f63c5d5f30a27733976df5a1ab57feaab505f40d95d3dd3fefa425cc,False
file_0995.txt,1002,823a2e34f63c5d5f30a27733976df5a1ab57feaab505f40d95d3dd3fefa425cc,False
file_0996.txt,1002,823a2e34f63c5d5f30a27733976df5a1ab57feaab505f40d95d3dd3fefa425cc,False
file_0997.txt,1002,823a2e34f63c5d5f30a27733976df5a1ab57feaab505f40d95d3dd3fefa425cc,False
file_0998.txt,1002,823a2e34f63c5d5f30a27733976df5a1ab57feaab505f40d95d3dd3fefa425cc,False
file_0999.txt,1002,823a2e34f63c5d5f30a27733976df5a1ab57feaab505f40d95d3dd3fefa425cc,False
file_1000.txt,1002,823a2e34f63c5d5f30a27733976df5a1ab57feaab505f40d95d3dd3fefa425cc,False
